4,Sportiello,Sportiello Marco,P,Por,1,1,1,1,Atalanta,0,0,destro,Italia,10/05/1992 00:00:00,https://content.fantacalcio.it/web/campioncini/card/SPORTIELLO.jpg,0,6.0,4.0
11,Conti,Conti Andrea,D,Dd;E,5,5,5,5,Milan,0,0,destro,Italia,02/03/1994 00:00:00,https://content.fantacalcio.it/web/campioncini/card/CONTI.jpg,0,0.0,0.0
15,Masiello,Masiello Andrea,D,Dd;Dc,4,4,4,4,Genoa,0,0,destro,Italia,05/02/1986 00:00:00,https://content.fantacalcio.it/web/campioncini/card/MASIELLO.jpg,0,4.0,3.5
20,Cigarini,Cigarini Luca,C,M;C,5,5,5,5,Crotone,0,0,destro,Italia,20/06/1986 00:00:00,https://content.fantacalcio.it/web/campioncini/card/CIGARINI.jpg,0,5.75,5.75
22,De Roon,De Roon Marten,C,M;C,9,9,10,10,Atalanta,0,0,destro,Olanda,29/03/1991 00:00:00,https://content.fantacalcio.it/web/campioncini/card/DE-ROON.jpg,0,7.5,10.5
26,Gomez,Gomez Alejandro,C,T;A,28,28,29,29,Atalanta,0,0,sinistro,Argentina,15/02/1988 00:00:00,https://content.fantacalcio.it/web/campioncini/card/GOMEZ.jpg,0,8.0,13.0
27,Grassi,Grassi Alberto,C,C,5,5,4,4,Parma,0,0,destro,Italia,07/03/1995 00:00:00,https://content.fantacalcio.it/web/campioncini/card/GRASSI.jpg,0,6.0,6.0
28,Kurtic,Kurtic Jasmin,C,C;T,9,9,8,8,Parma,0,0,destro,Slovenia,10/01/1989 00:00:00,https://content.fantacalcio.it/web/campioncini/card/KURTIC.jpg,0,0.0,0.0
40,Da Costa,Da Costa Angelo,P,Por,1,1,1,1,Bologna,0,0,destro,Brasile,12/11/1983 00:00:00,https://content.fantacalcio.it/web/campioncini/card/DA-COSTA.jpg,0,0.0,0.0
41,Mirante,Mirante Antonio,P,Por,1,2,1,2,Roma,0,0,destro,Italia,08/07/1983 00:00:00,https://content.fantacalcio.it/web/campioncini/card/MIRANTE.jpg,0,6.25,5.25
42,Sarr M.,Sarr Mouhamadou,P,Por,1,1,1,1,Bologna,0,0,destro,Senegal;Italia,05/01/1997 00:00:00,https://content.fantacalcio.it/web/campioncini/card/NO-CAMPIONCINO.jpg,1,0.0,0.0
45,Ferrari A.,Ferrari Alex,D,Dd;Dc,3,3,3,3,Sampdoria,0,0,destro,Italia,01/07/1994 00:00:00,https://content.fantacalcio.it/web/campioncini/card/FERRARI-A.jpg,0,0.0,0.0
50,Mbaye,Mbaye Ibrahima,D,Dd;Ds;E,3,3,3,3,Bologna,0,0,destro,Senegal,19/11/1994 00:00:00,https://content.fantacalcio.it/web/campioncini/card/MBAYE.jpg,0,0.0,0.0
58,Diawara,Diawara Amadou,C,M;C,9,9,10,10,Roma,0,0,ambidestro,Guinea;Italia,17/07/1997 00:00:00,https://content.fantacalcio.it/web/campioncini/card/DIAWARA.jpg,0,5.75,5.75
73,Gagliolo,Gagliolo Riccardo,D,Ds;Dc,9,9,9,9,Parma,0,0,sinistro,Italia;Svezia,28/04/1990 00:00:00,https://content.fantacalcio.it/web/campioncini/card/GAGLIOLO.jpg,0,0.0,0.0
74,Letizia,Letizia Gaetano,D,Dd;Ds;E,6,6,7,7,Benevento,0,0,ambidestro,Italia,29/06/1990 00:00:00,https://content.fantacalcio.it/web/campioncini/card/LETIZIA.jpg,0,7.0,10.0
78,Spolli,Spolli Nicolas,D,Dc,1,1,1,1,Crotone,0,0,destro,Argentina;Italia,20/02/1983 00:00:00,https://content.fantacalcio.it/web/campioncini/card/SPOLLI.jpg,0,0.0,0.0
84,Marrone,Marrone Luca,D,Dc,5,5,5,5,Crotone,0,0,destro,Italia,28/03/1990 00:00:00,https://content.fantacalcio.it/web/campioncini/card/NO-CAMPIONCINO.jpg,0,5.0,4.75
90,Lasagna,Lasagna Kevin,A,Pc,17,17,17,17,Udinese,0,0,sinistro,Italia,10/08/1992 00:00:00,https://content.fantacalcio.it/web/campioncini/card/LASAGNA.jpg,0,5.0,5.0
106,Mattiello,Mattiello Federico,D,Dd;Ds;E,3,3,4,4,Spezia,0,0,destro,Italia,14/07/1995 00:00:00,https://content.fantacalcio.it/web/campioncini/card/MATTIELLO.jpg,0,0.0,0.0
115,Hetemaj,Hetemaj Perparim,C,M;C,3,3,4,4,Benevento,0,0,destro,Finlandia;Kosovo,12/12/1986 00:00:00,https://content.fantacalcio.it/web/campioncini/card/HETEMAJ.jpg,0,0.0,0.0
118,Radovanovic,Radovanovic Ivan,C,M,3,4,3,4,Genoa,0,0,destro,Serbia,29/08/1988 00:00:00,https://content.fantacalcio.it/web/campioncini/card/RADOVANOVIC.jpg,0,6.0,6.0
123,Inglese,Inglese Roberto,A,Pc,15,14,14,13,Parma,0,0,destro,Italia,12/11/1991 00:00:00,https://content.fantacalcio.it/web/campioncini/card/INGLESE.jpg,0,5.0,5.0
133,Skorupski,Skorupski Lukasz,P,Por,8,8,8,8,Bologna,0,0,destro,Polonia,05/05/1991 00:00:00,https://content.fantacalcio.it/web/campioncini/card/SKORUPSKI.jpg,0,6.0,4.0
134,Barba,Barba Federico,D,Ds;Dc,2,2,2,2,Benevento,0,0,sinistro,Italia,01/09/1993 00:00:00,https://content.fantacalcio.it/web/campioncini/card/BARBA.jpg,0,0.0,0.0
139,Dermaku,Dermaku Kastriot,D,Dc,3,3,3,3,Parma,0,0,destro,Albania;Italia,15/01/1992 00:00:00,https://content.fantacalcio.it/web/campioncini/card/NO-CAMPIONCINO.jpg,0,0.0,0.0
140,Hysaj,Hysaj Elseid,D,Dd;Ds;E,6,6,7,7,Napoli,0,0,destro,Albania,20/02/1994 00:00:00,https://content.fantacalcio.it/web/campioncini/card/HYSAJ.jpg,0,6.0,6.0
141,Laurini,Laurini Vincent,D,Dd;E,4,4,4,4,Parma,0,0,destro,Francia;Italia,10/06/1989 00:00:00,https://content.fantacalcio.it/web/campioncini/card/LAURINI.jpg,0,0.0,0.0
142,Mario Rui,Mario Rui Duarte,D,Ds;E,8,8,8,8,Napoli,0,0,sinistro,Portogallo,27/05/1991 00:00:00,https://content.fantacalcio.it/web/campioncini/card/MARIO-RUI.jpg,0,0.0,0.0
144,Tonelli,Tonelli Lorenzo,D,Dc,6,6,6,6,Sampdoria,0,0,destro,Italia,17/01/1990 00:00:00,https://content.fantacalcio.it/web/campioncini/card/TONELLI.jpg,0,5.0,4.5
148,Krunic,Krunic Rade,C,C;T,5,5,5,5,Milan,0,0,destro,Bosnia Erzegovina,07/10/1993 00:00:00,https://content.fantacalcio.it/web/campioncini/card/KRUNIC.jpg,0,0.0,0.0
150,Saponara,Saponara Riccardo,C,T,7,7,7,7,Fiorentina,0,0,destro,Italia,21/12/1991 00:00:00,https://content.fantacalcio.it/web/campioncini/card/SAPONARA.jpg,0,0.0,0.0
152,Zielinski,Zielinski Piotr,C,C;T,12,12,12,12,Napoli,0,0,destro,Polonia,20/05/1994 00:00:00,https://content.fantacalcio.it/web/campioncini/card/ZIELINSKI.jpg,0,6.25,8.25
159,Sepe,Sepe Luigi,P,Por,9,9,9,9,Parma,0,0,sinistro,Italia,08/05/1991 00:00:00,https://content.fantacalcio.it/web/campioncini/card/SEPE.jpg,0,5.5,3.5
160,Tatarusanu,Tatarusanu Ciprian,P,Por,1,1,1,1,Milan,0,0,destro,Romania,09/02/1986 00:00:00,https://content.fantacalcio.it/web/campioncini/card/TATARUSANU.jpg,0,0.0,0.0
170,Badelj,Badelj Milan,C,M;C,3,4,3,4,Genoa,0,0,destro,Croazia,25/02/1989 00:00:00,https://content.fantacalcio.it/web/campioncini/card/BADELJ.jpg,0,6.0,6.0
172,Borja Valero,Valero Borja,C,C,5,5,4,4,Fiorentina,0,0,destro,Spagna,12/01/1985 00:00:00,https://content.fantacalcio.it/web/campioncini/card/BORJA-VALERO.jpg,0,6.0,6.0
177,Ilicic,Ilicic Josip,A,A,27,27,27,27,Atalanta,0,0,sinistro,Slovenia,29/01/1988 00:00:00,https://content.fantacalcio.it/web/campioncini/card/ILICIC.jpg,0,0.0,0.0
181,Vecino,Vecino Matias,C,M;C,7,7,7,7,Inter,0,0,destro,Uruguay;Italia,24/08/1991 00:00:00,https://content.fantacalcio.it/web/campioncini/card/VECINO.jpg,0,0.0,0.0
183,Babacar,Babacar Khouma,A,Pc,8,8,7,7,Sassuolo,0,0,destro,Senegal,17/03/1993 00:00:00,https://content.fantacalcio.it/web/campioncini/card/BABACAR.jpg,1,0.0,0.0
184,Bernardeschi,Bernardeschi Federico,C,W;T,10,10,11,11,Juventus,0,0,sinistro,Italia,16/02/1994 00:00:00,https://content.fantacalcio.it/web/campioncini/card/BERNARDESCHI.jpg,0,0.0,0.0
186,Rebic,Rebic Ante,A,A,27,27,27,27,Milan,0,0,destro,Croazia,21/09/1993 00:00:00,https://content.fantacalcio.it/web/campioncini/card/REBIC.jpg,0,6.0,6.0
215,Verde,Verde Daniele,A,A,6,6,6,6,Spezia,0,0,sinistro,Italia,20/06/1996 00:00:00,https://content.fantacalcio.it/web/campioncini/card/NO-CAMPIONCINO.jpg,0,0.0,0.0
216,Donnarumma An.,Donnarumma Antonio,P,Por,1,1,1,1,Milan,0,0,destro,Italia,07/07/1990 00:00:00,https://content.fantacalcio.it/web/campioncini/card/NO-CAMPIONCINO.jpg,0,0.0,0.0
218,Perin,Perin Mattia,P,Por,8,8,8,8,Genoa,0,0,destro,Italia,10/11/1992 00:00:00,https://content.fantacalcio.it/web/campioncini/card/PERIN.jpg,0,6.0,5.0
220,Ujkani,Ujkani Samir,P,Por,1,1,1,1,Torino,0,0,destro,Albania;Kosovo,05/07/1988 00:00:00,https://content.fantacalcio.it/web/campioncini/card/NO-CAMPIONCINO.jpg,0,0.0,0.0
224,De Maio,De Maio Sebastien,D,Dc,6,6,6,6,Udinese,0,0,destro,Francia,05/03/1987 00:00:00,https://content.fantacalcio.it/web/campioncini/card/DE-MAIO.jpg,0,6.0,6.0
226,Izzo,Izzo Armando,D,Dd;Dc,10,10,11,11,Torino,0,0,destro,Italia,02/03/1992 00:00:00,https://content.fantacalcio.it/web/campioncini/card/IZZO.jpg,0,5.0,5.0
234,Kucka,Kucka Juraj,C,C,13,13,12,12,Parma,0,0,destro,Slovacchia,26/02/1987 00:00:00,https://content.fantacalcio.it/web/campioncini/card/KUCKA.jpg,0,6.0,5.5
235,Laxalt,Laxalt Diego,D,Ds;E,2,2,2,2,Milan,0,0,sinistro,Uruguay;Italia,07/02/1993 00:00:00,https://content.fantacalcio.it/web/campioncini/card/LAXALT.jpg,0,0.0,0.0
236,Lazovic,Lazovic Darko,C,E;W,13,13,15,15,Verona,0,0,ambidestro,Serbia,15/09/1990 00:00:00,https://content.fantacalcio.it/web/campioncini/card/LAZOVIC.jpg,0,0.0,0.0
237,Perotti,Perotti Diego,C,W,9,9,9,9,Roma,0,0,destro,Argentina;Spagna,26/07/1988 00:00:00,https://content.fantacalcio.it/web/campioncini/card/PEROTTI.jpg,0,0.0,0.0
238,Rincon,Rincon Tomas,C,M,5,5,5,5,Torino,0,0,destro,Venezuela,13/01/1988 00:00:00,https://content.fantacalcio.it/web/campioncini/card/RINCON.jpg,0,5.75,6.25
244,Ghiglione,Ghiglione Paolo,D,Dd;E,6,7,6,7,Genoa,0,0,destro,Italia,02/02/1997 00:00:00,https://content.fantacalcio.it/web/campioncini/card/GHIGLIONE.jpg,0,6.5,7.25
245,Pandev,Pandev Goran,A,A,10,11,10,11,Genoa,0,0,sinistro,Macedonia,27/07/1983 00:00:00,https://content.fantacalcio.it/web/campioncini/card/PANDEV.jpg,0,6.0,7.25
247,Pavoletti,Pavoletti Leonardo,A,Pc,15,15,15,15,Cagliari,0,0,destro,Italia,26/11/1988 00:00:00,https://content.fantacalcio.it/web/campioncini/card/PAVOLETTI.jpg,0,0.0,0.0
250,Handanovic,Handanovic Samir,P,Por,18,18,18,18,Inter,0,0,destro,Slovenia,14/07/1984 00:00:00,https://content.fantacalcio.it/web/campioncini/card/HANDANOVIC.jpg,0,6.0,3.0
252,Biraghi,Biraghi Cristiano,D,Ds;E,8,8,8,8,Fiorentina,0,0,sinistro,Italia,12/09/1992 00:00:00,https://content.fantacalcio.it/web/campioncini/card/BIRAGHI.jpg,0,6.0,5.75
253,D'Ambrosio,D'Ambrosio Danilo,D,Dd;Dc;E,8,8,10,10,Inter,0,0,destro,Italia,09/09/1988 00:00:00,https://content.fantacalcio.it/web/campioncini/card/D-AMBROSIO.jpg,0,6.5,9.5
254,Dimarco,Dimarco Federico,D,Ds;E,4,5,4,5,Verona,0,0,sinistro,Italia,10/11/1997 00:00:00,https://content.fantacalcio.it/web/campioncini/card/DIMARCO.jpg,0,6.25,6.25
256,Juan Jesus,Juan Jesus Nunes,D,Ds;Dc,5,5,6,6,Roma,0,0,sinistro,Brasile,10/06/1991 00:00:00,https://content.fantacalcio.it/web/campioncini/card/JUAN-JESUS.jpg,0,0.0,0.0
261,Ranocchia,Ranocchia Andrea,D,Dc,2,2,2,2,Inter,0,0,destro,Italia,16/02/1988 00:00:00,https://content.fantacalcio.it/web/campioncini/card/RANOCCHIA.jpg,0,0.0,0.0
262,Santon,Santon Davide,D,Dd;Ds;E,3,4,3,4,Roma,0,0,destro,Italia,02/01/1991 00:00:00,https://content.fantacalcio.it/web/campioncini/card/SANTON.jpg,0,6.0,6.0
265,Brozovic,Brozovic Marcelo,C,C,13,13,12,12,Inter,0,0,ambidestro,Croazia,16/11/1992 00:00:00,https://content.fantacalcio.it/web/campioncini/card/BROZOVIC.jpg,0,5.5,5.5
272,Medel,Medel Gary,C,M,4,4,4,4,Bologna,0,0,destro,Cile,03/08/1987 00:00:00,https://content.fantacalcio.it/web/campioncini/card/MEDEL.jpg,0,0.0,0.0
280,Palacio,Palacio Rodrigo,A,A,10,10,10,10,Bologna,0,0,destro,Argentina;Spagna,05/02/1982 00:00:00,https://content.fantacalcio.it/web/campioncini/card/PALACIO.jpg,0,5.5,5.5
282,Buffon,Buffon Gianluigi,P,Por,1,1,1,1,Juventus,0,0,destro,Italia,28/01/1978 00:00:00,https://content.fantacalcio.it/web/campioncini/card/BUFFON.jpg,0,0.0,0.0
286,Bonucci,Bonucci Leonardo,D,Dc,13,14,13,14,Juventus,0,0,destro,Italia,01/05/1987 00:00:00,https://content.fantacalcio.it/web/campioncini/card/BONUCCI.jpg,0,6.25,7.75
287,Caceres,Caceres Martin,D,Dd;Ds;Dc,7,7,8,8,Fiorentina,0,0,destro,Uruguay,07/04/1987 00:00:00,https://content.fantacalcio.it/web/campioncini/card/CACERES.jpg,0,6.0,6.0
288,Chiellini,Chiellini Giorgio,D,Dc,11,11,11,11,Juventus,0,0,sinistro,Italia,14/08/1984 00:00:00,https://content.fantacalcio.it/web/campioncini/card/CHIELLINI.jpg,0,6.25,6.25
294,Rugani,Rugani Daniele,D,Dc,6,6,6,6,Juventus,0,0,destro,Italia,29/07/1994 00:00:00,https://content.fantacalcio.it/web/campioncini/card/RUGANI.jpg,0,0.0,0.0
295,Asamoah,Asamoah Kwadwo,D,Ds;E,2,2,2,2,Inter,0,0,sinistro,Ghana,09/12/1988 00:00:00,https://content.fantacalcio.it/web/campioncini/card/ASAMOAH.jpg,0,0.0,0.0
299,Khedira,Khedira Sami,C,C,4,4,3,3,Juventus,0,0,destro,Germania;Tunisia,04/04/1987 00:00:00,https://content.fantacalcio.it/web/campioncini/card/KHEDIRA.jpg,0,0.0,0.0
302,Pereyra,Pereyra Roberto,C,W;T,11,11,11,11,Udinese,0,0,ambidestro,Argentina,07/01/1991 00:00:00,https://content.fantacalcio.it/web/campioncini/card/NO-CAMPIONCINO.jpg,0,0.0,0.0
305,Sturaro,Sturaro Stefano,C,M;C,4,4,4,4,Genoa,0,0,destro,Italia,09/03/1993 00:00:00,https://content.fantacalcio.it/web/campioncini/card/STURARO.jpg,0,0.0,0.0
306,Cerri,Cerri Alberto,A,Pc,4,4,3,3,Cagliari,0,0,destro,Italia,16/04/1996 00:00:00,https://content.fantacalcio.it/web/campioncini/card/NO-CAMPIONCINO.jpg,0,0.0,0.0
309,Dybala,Dybala Paulo,A,A,31,30,31,30,Juventus,0,0,sinistro,Argentina;Italia,15/11/1993 00:00:00,https://content.fantacalcio.it/web/campioncini/card/DYBALA.jpg,0,0.0,0.0
311,Llorente,Llorente Fernando,A,Pc,10,10,9,9,Napoli,0,0,destro,Spagna,26/02/1985 00:00:00,https://content.fantacalcio.it/web/campioncini/card/LLORENTE.jpg,0,0.0,0.0
313,Morata,Morata Alvaro,A,Pc,24,24,24,24,Juventus,0,0,destro,Spagna,23/10/1992 00:00:00,https://content.fantacalcio.it/web/campioncini/card/MORATA.jpg,0,5.0,5.0
315,Zaza,Zaza Simone,A,Pc,13,12,12,11,Torino,0,0,sinistro,Italia,25/06/1991 00:00:00,https://content.fantacalcio.it/web/campioncini/card/ZAZA.jpg,0,5.25,5.0
318,Marchetti,Marchetti Federico,P,Por,1,1,1,1,Genoa,0,0,sinistro,Italia,07/02/1983 00:00:00,https://content.fantacalcio.it/web/campioncini/card/MARCHETTI.jpg,0,5.5,-0.5
322,De Vrij,De Vrij Stefan,D,Dc,15,15,15,15,Inter,0,0,destro,Olanda,05/02/1992 00:00:00,https://content.fantacalcio.it/web/campioncini/card/DE-VRIJ.jpg,0,0.0,0.0
327,Patric,Patric,D,Dd;Dc;E,4,4,4,4,Lazio,0,0,destro,Spagna,17/04/1993 00:00:00,https://content.fantacalcio.it/web/campioncini/card/NO-CAMPIONCINO.jpg,0,6.5,6.5
329,Radu,Radu Stefan,D,Ds;Dc,8,8,9,9,Lazio,0,0,sinistro,Romania,22/10/1986 00:00:00,https://content.fantacalcio.it/web/campioncini/card/RADU.jpg,0,6.0,6.0
332,Candreva,Candreva Antonio,C,E;W,7,7,7,7,Sampdoria,0,0,destro,Italia,28/02/1987 00:00:00,https://content.fantacalcio.it/web/campioncini/card/CANDREVA.jpg,0,7.0,8.0
333,Cataldi,Cataldi Danilo,C,M;C,5,5,5,5,Lazio,0,0,destro,Italia,06/08/1994 00:00:00,https://content.fantacalcio.it/web/campioncini/card/CATALDI.jpg,0,0.0,0.0
338,Lulic,Lulic Senad,C,E;C,8,8,8,8,Lazio,0,0,destro,Bosnia Erzegovina;Svizzera,18/01/1986 00:00:00,https://content.fantacalcio.it/web/campioncini/card/LULIC.jpg,0,0.0,0.0
342,Parolo,Parolo Marco,C,M;C,5,5,5,5,Lazio,0,0,ambidestro,Italia,25/01/1985 00:00:00,https://content.fantacalcio.it/web/campioncini/card/PAROLO.jpg,0,0.0,0.0
350,Donnarumma G.,Donnarumma Gianluigi,P,Por,16,16,16,16,Milan,0,0,destro,Italia,25/02/1999 00:00:00,https://content.fantacalcio.it/web/campioncini/card/DONNARUMMA-G.jpg,0,6.25,6.25
357,Calabria,Calabria Davide,D,Dd;Ds;E,5,6,5,6,Milan,0,0,destro,Italia,06/12/1996 00:00:00,https://content.fantacalcio.it/web/campioncini/card/CALABRIA.jpg,0,6.75,6.75
358,De Sciglio,De Sciglio Mattia,D,Dd;Ds;E,5,5,5,5,Juventus,0,0,destro,Italia,20/10/1992 00:00:00,https://content.fantacalcio.it/web/campioncini/card/DE-SCIGLIO.jpg,0,6.0,6.0
365,Zapata C.,Zapata Cristian,D,Dc,5,5,5,5,Genoa,0,0,destro,Colombia,30/09/1986 00:00:00,https://content.fantacalcio.it/web/campioncini/card/ZAPATA-C.jpg,0,5.5,5.5
367,Bonaventura,Bonaventura Giacomo,C,C;W;T,14,14,16,16,Fiorentina,0,0,destro,Italia,22/08/1989 00:00:00,https://content.fantacalcio.it/web/campioncini/card/BONAVENTURA.jpg,0,6.25,6.75
374,Poli,Poli Andrea,C,M;C,3,3,3,3,Bologna,0,0,destro,Italia,29/09/1989 00:00:00,https://content.fantacalcio.it/web/campioncini/card/POLI.jpg,0,0.0,0.0
376,Verdi,Verdi Simone,C,W;T;A,14,14,15,15,Torino,0,0,ambidestro,Italia,12/07/1992 00:00:00,https://content.fantacalcio.it/web/campioncini/card/VERDI.jpg,0,5.5,5.5
383,Petagna,Petagna Andrea,A,Pc,13,13,12,12,Napoli,0,0,sinistro,Italia,30/06/1995 00:00:00,https://content.fantacalcio.it/web/campioncini/card/PETAGNA.jpg,0,0.0,0.0
387,Reina,Reina Pepe,P,Por,1,1,1,1,Lazio,0,0,destro,Spagna,31/08/1982 00:00:00,https://content.fantacalcio.it/web/campioncini/card/REINA.jpg,0,0.0,0.0
390,Ghoulam,Ghoulam Faouzi,D,Ds;E,3,3,3,3,Napoli,0,0,sinistro,Algeria;Francia,01/02/1991 00:00:00,https://content.fantacalcio.it/web/campioncini/card/GHOULAM.jpg,0,6.0,6.0
392,Koulibaly,Koulibaly Kalidou,D,Dc,14,14,14,14,Napoli,0,0,destro,Francia;Senegal,20/06/1991 00:00:00,https://content.fantacalcio.it/web/campioncini/card/KOULIBALY.jpg,0,6.75,6.75
393,Luperto,Luperto Sebastiano,D,Ds;Dc,2,2,2,2,Napoli,0,0,sinistro,Italia,06/09/1996 00:00:00,https://content.fantacalcio.it/web/campioncini/card/NO-CAMPIONCINO.jpg,0,0.0,0.0
394,Maggio,Maggio Christian,D,Dd;E,3,3,2,2,Benevento,0,0,destro,Italia,11/02/1982 00:00:00,https://content.fantacalcio.it/web/campioncini/card/MAGGIO.jpg,0,0.0,0.0
397,Allan,Allan,C,M;C,9,9,9,9,Napoli,0,0,destro,Brasile;Portogallo,08/01/1991 00:00:00,https://content.fantacalcio.it/web/campioncini/card/ALLAN.jpg,1,0.0,0.0
407,Gabbiadini,Gabbiadini Manolo,A,Pc,17,17,16,16,Sampdoria,0,0,sinistro,Italia,26/11/1991 00:00:00,https://content.fantacalcio.it/web/campioncini/card/GABBIADINI.jpg,0,0.0,0.0
408,Higuain,Higuain Gonzalo,A,Pc,20,20,20,20,Juventus,0,0,destro,Argentina;Francia,10/12/1987 00:00:00,https://content.fantacalcio.it/web/campioncini/card/HIGUAIN.jpg,1,0.0,0.0
409,Insigne,Insigne Lorenzo,A,A,23,24,23,24,Napoli,0,0,destro,Italia,04/06/1991 00:00:00,https://content.fantacalcio.it/web/campioncini/card/INSIGNE.jpg,0,6.5,8.0
410,Mertens,Mertens Dries,A,Pc,25,26,25,26,Napoli,0,0,destro,Belgio,06/05/1987 00:00:00,https://content.fantacalcio.it/web/campioncini/card/MERTENS.jpg,0,7.5,11.5
412,Colombi,Colombi Simone,P,Por,1,1,1,1,Parma,0,0,destro,Italia,01/07/1991 00:00:00,https://content.fantacalcio.it/web/campioncini/card/NO-CAMPIONCINO.jpg,0,0.0,0.0
418,Goldaniga,Goldaniga Edoardo,D,Dc,5,6,5,6,Genoa,0,0,ambidestro,Italia,02/11/1993 00:00:00,https://content.fantacalcio.it/web/campioncini/card/GOLDANIGA.jpg,0,5.25,5.75
423,Rispoli,Rispoli Andrea,D,Dd;E,5,5,5,5,Crotone,0,0,destro,Italia,29/09/1988 00:00:00,https://content.fantacalcio.it/web/campioncini/card/RISPOLI.jpg,0,6.0,6.0
425,Terzi,Terzi Claudio,D,Dc,3,3,3,3,Spezia,0,0,destro,Italia,19/06/1984 00:00:00,https://content.fantacalcio.it/web/campioncini/card/TERZI.jpg,0,0.0,0.0
428,Benali,Benali Ahmad,C,C;T,9,9,9,9,Crotone,0,0,destro,Libia;Inghilterra,07/02/1992 00:00:00,https://content.fantacalcio.it/web/campioncini/card/BENALI.jpg,0,0.0,0.0
430,Brugman,Brugman Gaston,C,M;C,5,5,5,5,Parma,0,0,destro,Uruguay;Italia,07/09/1992 00:00:00,https://content.fantacalcio.it/web/campioncini/card/NO-CAMPIONCINO.jpg,0,5.5,5.5
434,Jajalo,Jajalo Mato,C,M;C,6,6,6,6,Udinese,0,0,destro,Bosnia Erzegovina;Croazia,25/05/1988 00:00:00,https://content.fantacalcio.it/web/campioncini/card/JAJALO.jpg,0,0.0,0.0
440,Viola,Viola Nicolas,C,C,9,9,9,9,Benevento,0,0,sinistro,Italia,12/10/1989 00:00:00,https://content.fantacalcio.it/web/campioncini/card/VIOLA.jpg,0,0.0,0.0
441,Belotti,Belotti Andrea,A,Pc,29,29,29,29,Torino,0,0,destro,Italia,20/12/1993 00:00:00,https://content.fantacalcio.it/web/campioncini/card/BELOTTI.jpg,0,7.0,10.0
447,La Gumina,La Gumina Antonino,A,Pc,4,4,4,4,Sampdoria,0,0,destro,Italia,06/03/1996 00:00:00,https://content.fantacalcio.it/web/campioncini/card/LA-GUMINA.jpg,0,0.0,0.0
453,Szczesny,Szczesny Wojciech,P,Por,17,17,17,17,Juventus,0,0,destro,Polonia,18/04/1990 00:00:00,https://content.fantacalcio.it/web/campioncini/card/SZCZESNY.jpg,0,6.5,5.5
454,Capradossi,Capradossi Elio,D,Dc,3,3,3,3,Spezia,0,0,ambidestro,Italia;Uganda,11/03/1996 00:00:00,https://content.fantacalcio.it/web/campioncini/card/NO-CAMPIONCINO.jpg,0,0.0,0.0
459,Manolas,Manolas Konstantinos,D,Dc,13,13,13,13,Napoli,0,0,destro,Grecia,14/06/1991 00:00:00,https://content.fantacalcio.it/web/campioncini/card/MANOLAS.jpg,0,6.5,6.5
460,Romagnoli,Romagnoli Alessio,D,Dc,13,13,13,13,Milan,0,0,sinistro,Italia,12/01/1995 00:00:00,https://content.fantacalcio.it/web/campioncini/card/ROMAGNOLI.jpg,0,0.0,0.0
464,Florenzi,Florenzi Alessandro,D,Dd;E,8,8,8,8,Roma,0,0,destro,Italia,11/03/1991 00:00:00,https://content.fantacalcio.it/web/campioncini/card/FLORENZI.jpg,1,0.0,0.0
467,Nainggolan,Nainggolan Radja,C,C;T,22,22,22,22,Inter,0,0,destro,Belgio;Indonesia,04/05/1988 00:00:00,https://content.fantacalcio.it/web/campioncini/card/NAINGGOLAN.jpg,0,6.0,6.0
472,Destro,Destro Mattia,A,Pc,9,10,9,10,Genoa,0,0,destro,Italia,20/03/1991 00:00:00,https://content.fantacalcio.it/web/campioncini/card/DESTRO.jpg,0,6.0,7.25
474,Gervinho,Gervinho,A,A,14,14,14,14,Parma,0,0,destro,Costa d'Avorio,27/05/1987 00:00:00,https://content.fantacalcio.it/web/campioncini/card/GERVINHO.jpg,0,0.0,0.0
475,Iago Falque,Iago Falque,A,A,14,14,14,14,Torino,0,0,sinistro,Spagna,04/01/1990 00:00:00,https://content.fantacalcio.it/web/campioncini/card/IAGO-FALQUE.jpg,0,0.0,0.0
487,De Silvestri,De Silvestri Lorenzo,D,Dd;E,8,8,8,8,Bologna,0,0,destro,Italia,23/05/1988 00:00:00,https://content.fantacalcio.it/web/campioncini/card/DE-SILVESTRI.jpg,0,5.5,5.5
490,Regini,Regini Vasco,D,Ds;Dc;E,1,1,1,1,Sampdoria,0,0,sinistro,Italia,09/09/1990 00:00:00,https://content.fantacalcio.it/web/campioncini/card/REGINI.jpg,0,0.0,0.0
495,Correa,Correa Joaquin,A,A,23,23,23,23,Lazio,0,0,destro,Argentina;Italia,13/08/1994 00:00:00,https://content.fantacalcio.it/web/campioncini/card/CORREA.jpg,0,5.5,5.5
505,Bonazzoli,Bonazzoli Federico,A,Pc,13,13,13,13,Sampdoria,0,0,sinistro,Italia,21/05/1997 00:00:00,https://content.fantacalcio.it/web/campioncini/card/BONAZZOLI.jpg,0,6.0,6.5
507,Muriel,Muriel Luis,A,Pc,27,27,26,26,Atalanta,0,0,destro,Colombia,16/04/1991 00:00:00,https://content.fantacalcio.it/web/campioncini/card/MURIEL.jpg,0,7.5,11.5
509,Consigli,Consigli Andrea,P,Por,10,10,10,10,Sassuolo,0,0,destro,Italia,27/01/1987 00:00:00,https://content.fantacalcio.it/web/campioncini/card/CONSIGLI.jpg,0,6.25,5.25
510,Pegolo,Pegolo Gianluca,P,Por,1,1,1,1,Sassuolo,0,0,sinistro,Italia,25/03/1981 00:00:00,https://content.fantacalcio.it/web/campioncini/card/NO-CAMPIONCINO.jpg,0,0.0,0.0
513,Acerbi,Acerbi Francesco,D,Dc,15,15,15,15,Lazio,0,0,sinistro,Italia,10/02/1988 00:00:00,https://content.fantacalcio.it/web/campioncini/card/ACERBI.jpg,0,6.5,6.5
514,Antei,Antei Luca,D,Dd;Dc,2,2,2,2,Benevento,0,0,destro,Italia,19/04/1992 00:00:00,https://content.fantacalcio.it/web/campioncini/card/ANTEI.jpg,0,0.0,0.0
517,Dell'Orco,Dell'Orco Cristian,D,Ds;Dc,4,4,4,4,Spezia,0,0,sinistro,Italia,10/02/1994 00:00:00,https://content.fantacalcio.it/web/campioncini/card/NO-CAMPIONCINO.jpg,0,4.5,4.5
521,Peluso,Peluso Federico,D,Ds;Dc,4,4,4,4,Sassuolo,0,0,sinistro,Italia,20/01/1984 00:00:00,https://content.fantacalcio.it/web/campioncini/card/PELUSO.jpg,0,0.0,0.0
526,Duncan,Duncan Alfred,C,M;C,7,8,7,8,Fiorentina,0,0,sinistro,Ghana,10/03/1993 00:00:00,https://content.fantacalcio.it/web/campioncini/card/DUNCAN.jpg,0,6.5,6.5
528,Magnanelli,Magnanelli Francesco,C,M,3,3,3,3,Sassuolo,0,0,destro,Italia,12/11/1984 00:00:00,https://content.fantacalcio.it/web/campioncini/card/MAGNANELLI.jpg,0,0.0,0.0
530,Pellegrini Lo.,Pellegrini Lorenzo,C,C;T,15,15,15,15,Roma,0,0,destro,Italia,19/06/1996 00:00:00,https://content.fantacalcio.it/web/campioncini/card/PELLEGRINI-LO.jpg,0,6.0,5.75
531,Berardi,Berardi Domenico,A,A,27,27,27,27,Sassuolo,0,0,sinistro,Italia,01/08/1994 00:00:00,https://content.fantacalcio.it/web/campioncini/card/BERARDI.jpg,0,6.5,8.0
536,Politano,Politano Matteo,C,W;A,13,13,13,13,Napoli,0,0,sinistro,Italia,03/08/1993 00:00:00,https://content.fantacalcio.it/web/campioncini/card/POLITANO.jpg,0,6.5,9.5
537,Sansone,Sansone Nicola,A,A,9,9,8,8,Bologna,0,0,destro,Italia,10/09/1991 00:00:00,https://content.fantacalcio.it/web/campioncini/card/SANSONE.jpg,0,5.5,5.0
543,Padelli,Padelli Daniele,P,Por,1,1,1,1,Inter,0,0,destro,Italia,25/10/1985 00:00:00,https://content.fantacalcio.it/web/campioncini/card/PADELLI.jpg,0,0.0,0.0
546,Bruno Peres,Bruno Peres,D,Dd;E,9,9,9,9,Roma,0,0,destro,Brasile,01/03/1990 00:00:00,https://content.fantacalcio.it/web/campioncini/card/BRUNO-PERES.jpg,0,5.5,5.5
548,Glik,Glik Kamil,D,Dc,8,8,8,8,Benevento,0,0,destro,Polonia;Germania,03/02/1988 00:00:00,https://content.fantacalcio.it/web/campioncini/card/GLIK.jpg,0,5.0,5.0
550,Maksimovic,Maksimovic Nikola,D,Dd;Dc,9,9,9,9,Napoli,0,0,destro,Serbia,25/11/1991 00:00:00,https://content.fantacalcio.it/web/campioncini/card/MAKSIMOVIC.jpg,0,6.0,6.0
554,Zappacosta,Zappacosta Davide,D,Dd;E,6,7,6,7,Genoa,0,0,destro,Italia,11/06/1992 00:00:00,https://content.fantacalcio.it/web/campioncini/card/ZAPPACOSTA.jpg,0,5.5,6.75
556,Baselli,Baselli Daniele,C,C,7,7,7,7,Torino,0,0,destro,Italia,12/03/1992 00:00:00,https://content.fantacalcio.it/web/campioncini/card/BASELLI.jpg,0,0.0,0.0
557,Benassi,Benassi Marco,C,C;T,9,9,9,9,Verona,0,0,destro,Italia,08/09/1994 00:00:00,https://content.fantacalcio.it/web/campioncini/card/BENASSI.jpg,0,0.0,0.0
568,Quagliarella,Quagliarella Fabio,A,Pc,20,20,20,20,Sampdoria,0,0,destro,Italia,31/01/1983 00:00:00,https://content.fantacalcio.it/web/campioncini/card/QUAGLIARELLA.jpg,0,6.25,7.75
572,Meret,Meret Alex,P,Por,8,8,8,8,Napoli,0,0,sinistro,Italia,22/03/1997 00:00:00,https://content.fantacalcio.it/web/campioncini/card/MERET.jpg,0,6.0,6.0
578,Danilo Lar.,Danilo Larangeira,D,Dc,7,7,6,6,Bologna,0,0,destro,Brasile;Italia,10/05/1984 00:00:00,https://content.fantacalcio.it/web/campioncini/card/DANILO-LAR.jpg,0,5.0,5.0
581,Faraoni,Faraoni Davide,D,Dd;E,14,14,15,15,Verona,0,0,destro,Italia,25/10/1991 00:00:00,https://content.fantacalcio.it/web/campioncini/card/FARAONI.jpg,0,6.0,6.0
589,Badu,Badu Emmanuel,C,M;C,3,3,3,3,Verona,0,0,destro,Ghana,02/12/1990 00:00:00,https://content.fantacalcio.it/web/campioncini/card/BADU.jpg,0,0.0,0.0
600,Verre,Verre Valerio,C,C;T,8,8,8,8,Sampdoria,0,0,ambidestro,Italia,11/01/1994 00:00:00,https://content.fantacalcio.it/web/campioncini/card/VERRE.jpg,0,6.25,6.25
608,Zapata D.,Zapata Duvan,A,Pc,40,40,40,40,Atalanta,0,0,destro,Colombia,01/04/1991 00:00:00,https://content.fantacalcio.it/web/campioncini/card/ZAPATA-D.jpg,0,6.5,7.5
610,Gollini,Gollini Pierluigi,P,Por,13,13,13,13,Atalanta,0,0,destro,Italia,18/03/1995 00:00:00,https://content.fantacalcio.it/web/campioncini/card/GOLLINI.jpg,0,0.0,0.0
611,Rafael,Rafael,P,Por,1,1,1,1,Spezia,0,0,destro,Brasile;Italia,03/03/1982 00:00:00,https://content.fantacalcio.it/web/campioncini/card/RAFAEL.jpg,0,0.0,0.0
627,Ionita,Ionita Artur,C,C,6,6,5,5,Benevento,0,0,sinistro,Moldavia;Romania,17/08/1990 00:00:00,https://content.fantacalcio.it/web/campioncini/card/IONITA.jpg,0,6.0,6.0
630,Sala,Sala Jacopo,D,Dd;E,4,4,4,4,Spezia,0,0,destro,Italia,05/12/1991 00:00:00,https://content.fantacalcio.it/web/campioncini/card/SALA.jpg,0,4.0,3.5
632,Zaccagni,Zaccagni Mattia,C,C;T,12,12,12,12,Verona,0,0,destro,Italia,16/06/1995 00:00:00,https://content.fantacalcio.it/web/campioncini/card/ZACCAGNI.jpg,0,6.25,6.25
637,Siligardi,Siligardi Luca,A,W,4,4,4,4,Parma,0,0,sinistro,Italia,26/01/1988 00:00:00,https://content.fantacalcio.it/web/campioncini/card/SILIGARDI.jpg,0,0.0,0.0
640,Chiriches,Chiriches Vlad,D,Dd;Dc,5,5,5,5,Sassuolo,0,0,destro,Romania,14/11/1989 00:00:00,https://content.fantacalcio.it/web/campioncini/card/CHIRICHES.jpg,0,6.0,5.75
643,Defrel,Defrel Gregoire,A,A,11,11,11,11,Sassuolo,0,0,sinistro,Francia,17/06/1991 00:00:00,https://content.fantacalcio.it/web/campioncini/card/DEFREL.jpg,0,6.25,7.75
644,Pulgar,Pulgar Erick,C,M;C,14,14,14,14,Fiorentina,0,0,destro,Cile,15/01/1994 00:00:00,https://content.fantacalcio.it/web/campioncini/card/PULGAR.jpg,0,0.0,0.0
645,Milinkovic-Savic,Milinkovic-Savic Sergej,C,C;T,19,19,19,19,Lazio,0,0,destro,Serbia;Spagna,27/02/1995 00:00:00,https://content.fantacalcio.it/web/campioncini/card/MILINKOVIC-SAVIC.jpg,0,6.5,6.5
647,Dzeko,Dzeko Edin,A,Pc,31,30,31,30,Roma,0,0,ambidestro,Bosnia Erzegovina,17/03/1986 00:00:00,https://content.fantacalcio.it/web/campioncini/card/DZEKO.jpg,0,5.0,5.0
654,Alastra,Alastra Fabrizio,P,Por,1,1,1,1,Parma,0,0,destro,Italia,01/10/1997 00:00:00,https://content.fantacalcio.it/web/campioncini/card/NO-CAMPIONCINO.jpg,0,0.0,0.0
662,Alex Sandro,Alex Sandro Lobo,D,Ds;E,12,12,12,12,Juventus,0,0,sinistro,Brasile,26/01/1991 00:00:00,https://content.fantacalcio.it/web/campioncini/card/ALEX-SANDRO.jpg,0,0.0,0.0
669,Donsah,Donsah Godfred,C,M;C,4,4,4,4,Bologna,0,0,destro,Ghana,07/06/1996 00:00:00,https://content.fantacalcio.it/web/campioncini/card/DONSAH.jpg,0,0.0,0.0
673,Perisan,Perisan Samuele,P,Por,1,1,1,1,Udinese,0,0,sinistro,Italia,21/08/1997 00:00:00,https://content.fantacalcio.it/web/campioncini/card/NO-CAMPIONCINO.jpg,0,0.0,0.0
695,Toloi,Toloi Rafael,D,Dc,12,12,12,12,Atalanta,0,0,destro,Brasile;Italia,10/10/1990 00:00:00,https://content.fantacalcio.it/web/campioncini/card/TOLOI.jpg,0,6.0,6.0
697,Cuadrado,Cuadrado Jaime,D,Dd;E,13,13,13,13,Juventus,0,0,destro,Colombia,26/05/1988 00:00:00,https://content.fantacalcio.it/web/campioncini/card/CUADRADO.jpg,0,6.0,6.0
704,Perisic,Perisic Ivan,C,W;A,12,12,13,13,Inter,0,0,ambidestro,Croazia,02/02/1989 00:00:00,https://content.fantacalcio.it/web/campioncini/card/PERISIC.jpg,0,5.0,5.0
706,Ansaldi,Ansaldi Cristian,D,Ds;E,8,8,8,8,Torino,0,0,ambidestro,Argentina;Italia,20/09/1986 00:00:00,https://content.fantacalcio.it/web/campioncini/card/ANSALDI.jpg,0,5.5,5.5
729,Pereira P.,Pereira Pedro,D,Dd;E,3,3,3,3,Crotone,0,0,destro,Portogallo,22/01/1998 00:00:00,https://content.fantacalcio.it/web/campioncini/card/NO-CAMPIONCINO.jpg,0,5.5,5.5
761,Audero,Audero Emil,P,Por,8,8,8,8,Sampdoria,0,0,destro,Italia;Indonesia,18/01/1997 00:00:00,https://content.fantacalcio.it/web/campioncini/card/AUDERO.jpg,0,6.75,3.75
767,Tupta,Tupta Lubomir,A,Pc,2,2,1,1,Verona,0,0,destro,Slovacchia,27/03/1998 00:00:00,https://content.fantacalcio.it/web/campioncini/card/NO-CAMPIONCINO.jpg,0,5.0,5.0
770,Pezzella Giu.,Pezzella Giuseppe,D,Ds;E,5,5,5,5,Parma,0,0,sinistro,Italia,29/11/1997 00:00:00,https://content.fantacalcio.it/web/campioncini/card/PEZZELLA-GIU.jpg,0,5.5,5.0
772,Kragl,Kragl Oliver,C,E;W,5,5,5,5,Benevento,0,0,sinistro,Germania,12/05/1990 00:00:00,https://content.fantacalcio.it/web/campioncini/card/NO-CAMPIONCINO.jpg,0,0.0,0.0
779,Cristante,Cristante Bryan,C,M;C,8,8,8,8,Roma,0,0,destro,Italia;Canada,03/03/1995 00:00:00,https://content.fantacalcio.it/web/campioncini/card/CRISTANTE.jpg,0,5.5,5.5
785,Immobile,Immobile Ciro,A,Pc,49,49,49,49,Lazio,0,0,destro,Italia,20/02/1990 00:00:00,https://content.fantacalcio.it/web/campioncini/card/IMMOBILE.jpg,0,7.0,10.0
787,Djimsiti,Djimsiti Berat,D,Dc,9,9,9,9,Atalanta,0,0,destro,Albania;Svizzera,16/02/1993 00:00:00,https://content.fantacalcio.it/web/campioncini/card/DJIMSITI.jpg,0,0.0,0.0
788,Freuler,Freuler Remo,C,C,11,11,10,10,Atalanta,0,0,destro,Svizzera,15/04/1992 00:00:00,https://content.fantacalcio.it/web/campioncini/card/FREULER.jpg,0,6.5,6.0
790,Samir,Samir,D,Ds;Dc,5,5,5,5,Udinese,0,0,sinistro,Brasile,05/12/1994 00:00:00,https://content.fantacalcio.it/web/campioncini/card/SAMIR.jpg,0,5.5,5.5
798,Skriniar,Skriniar Milan,D,Dc,8,8,8,8,Inter,0,0,destro,Slovacchia,11/02/1995 00:00:00,https://content.fantacalcio.it/web/campioncini/card/SKRINIAR.jpg,0,0.0,0.0
801,Gagliardini,Gagliardini Roberto,C,M;C,7,7,7,7,Inter,0,0,destro,Italia,07/04/1994 00:00:00,https://content.fantacalcio.it/web/campioncini/card/GAGLIARDINI.jpg,0,0.0,0.0
819,Favilli,Favilli Andrea,A,Pc,5,5,4,4,Verona,0,0,destro,Italia,17/05/1997 00:00:00,https://content.fantacalcio.it/web/campioncini/card/NO-CAMPIONCINO.jpg,0,7.0,9.5
824,Adjapong,Adjapong Claud,D,Dd;E,3,3,3,3,Sassuolo,0,0,destro,Ghana,06/05/1998 00:00:00,https://content.fantacalcio.it/web/campioncini/card/ADJAPONG.jpg,1,0.0,0.0
827,Locatelli,Locatelli Manuel,C,M;C,12,12,14,14,Sassuolo,0,0,destro,Italia,08/01/1998 00:00:00,https://content.fantacalcio.it/web/campioncini/card/LOCATELLI.jpg,0,6.75,6.75
1839,Edera,Edera Simone,A,W;A,4,4,4,4,Torino,0,0,sinistro,Italia,09/01/1997 00:00:00,https://content.fantacalcio.it/web/campioncini/card/EDERA.jpg,0,0.0,0.0
1843,Radu I.,Radu Ionut,P,Por,1,1,1,1,Inter,0,0,destro,Romania,28/05/1997 00:00:00,https://content.fantacalcio.it/web/campioncini/card/RADU-I.jpg,0,0.0,0.0
1847,Caldara,Caldara Mattia,D,Dc,6,6,5,5,Atalanta,0,0,destro,Italia,05/05/1994 00:00:00,https://content.fantacalcio.it/web/campioncini/card/CALDARA.jpg,0,5.5,5.0
1850,Kessie',Kessiè Franck,C,M;C,10,10,11,11,Milan,0,0,destro,Costa d'Avorio,19/12/1996 00:00:00,https://content.fantacalcio.it/web/campioncini/card/KESSIE.jpg,0,6.75,8.25
1851,Molina S.,Molina Salvatore,C,E;W,6,7,7,8,Crotone,0,0,destro,Italia,01/01/1992 00:00:00,https://content.fantacalcio.it/web/campioncini/card/NO-CAMPIONCINO.jpg,0,6.25,6.5
1852,Spinazzola,Spinazzola Leonardo,D,Dd;Ds;E,10,10,11,12,Roma,0,0,destro,Italia,25/03/1993 00:00:00,https://content.fantacalcio.it/web/campioncini/card/SPINAZZOLA.jpg,0,6.5,6.5
1864,Bruno Alves,Alves Bruno,D,Dc,8,8,8,8,Parma,0,0,destro,Portogallo;Brasile,27/11/1981 00:00:00,https://content.fantacalcio.it/web/campioncini/card/BRUNO-ALVES.jpg,0,5.5,5.0
1866,Ceppitelli,Ceppitelli Luca,D,Dc,8,8,7,7,Cagliari,0,0,ambidestro,Italia,11/08/1989 00:00:00,https://content.fantacalcio.it/web/campioncini/card/CEPPITELLI.jpg,0,0.0,0.0
1868,Murru,Murru Nicola,D,Ds;E,5,5,5,5,Torino,0,0,sinistro,Italia,16/12/1994 00:00:00,https://content.fantacalcio.it/web/campioncini/card/MURRU.jpg,0,5.0,5.0
1869,Pisacane,Pisacane Fabio,D,Dd;Ds;Dc,4,4,5,5,Cagliari,0,0,destro,Italia,28/01/1986 00:00:00,https://content.fantacalcio.it/web/campioncini/card/PISACANE.jpg,0,5.5,5.5
1870,Barella,Barella Nicolò,C,M;C,12,12,14,14,Inter,0,0,destro,Italia,07/02/1997 00:00:00,https://content.fantacalcio.it/web/campioncini/card/BARELLA.jpg,0,6.0,6.5
1871,Deiola,Deiola Alessandro,C,M;C,3,3,3,3,Spezia,0,0,destro,Italia,01/08/1995 00:00:00,https://content.fantacalcio.it/web/campioncini/card/NO-CAMPIONCINO.jpg,0,5.5,5.5
1874,Joao Pedro,Joao Pedro Galvao,A,A,25,25,25,25,Cagliari,0,0,destro,Brasile,09/03/1992 00:00:00,https://content.fantacalcio.it/web/campioncini/card/JOAO-PEDRO.jpg,0,6.0,6.5
1876,Pajac,Pajac Marko,D,Ds;E,1,1,1,1,Cagliari,0,0,sinistro,Croazia,11/05/1993 00:00:00,https://content.fantacalcio.it/web/campioncini/card/PAJAC.jpg,0,0.0,0.0
1879,Farias,Farias Diego,A,A,9,9,9,9,Spezia,0,0,destro,Brasile,10/05/1990 00:00:00,https://content.fantacalcio.it/web/campioncini/card/FARIAS.jpg,0,5.5,5.5
1882,Sau,Sau Marco,A,A,8,8,8,8,Benevento,0,0,destro,Italia,03/11/1987 00:00:00,https://content.fantacalcio.it/web/campioncini/card/NO-CAMPIONCINO.jpg,0,6.5,7.5
1889,Cordaz,Cordaz Alex,P,Por,6,5,6,5,Crotone,0,0,destro,Italia,01/01/1983 00:00:00,https://content.fantacalcio.it/web/campioncini/card/CORDAZ.jpg,0,6.25,3.25
1890,Festa,Festa Marco,P,Por,1,1,1,1,Crotone,0,0,destro,Italia,06/06/1992 00:00:00,https://content.fantacalcio.it/web/campioncini/card/NO-CAMPIONCINO.jpg,0,0.0,0.0
1891,Ceccherini,Ceccherini Federico,D,Dd;Dc,4,4,4,4,Fiorentina,0,0,destro,Italia,11/05/1992 00:00:00,https://content.fantacalcio.it/web/campioncini/card/CECCHERINI.jpg,0,5.25,3.75
1895,Ferrari G.,Ferrari Gianmarco,D,Dc,8,8,8,8,Sassuolo,0,0,sinistro,Italia,15/05/1992 00:00:00,https://content.fantacalcio.it/web/campioncini/card/FERRARI-G.jpg,0,6.25,6.75
1915,Tello,Tello Andres,C,C;W,5,5,5,5,Benevento,0,0,destro,Colombia,06/09/1996 00:00:00,https://content.fantacalcio.it/web/campioncini/card/NO-CAMPIONCINO.jpg,0,0.0,0.0
1917,Dragowski,Dragowski Bartlomiej,P,Por,12,13,12,13,Fiorentina,0,0,destro,Polonia,19/08/1997 00:00:00,https://content.fantacalcio.it/web/campioncini/card/DRAGOWSKI.jpg,0,6.0,4.0
1921,Zima,Zima Lukas,P,Por,1,1,1,1,Genoa,0,0,destro,Repubblica Ceca,09/01/1994 00:00:00,https://content.fantacalcio.it/web/campioncini/card/NO-CAMPIONCINO.jpg,0,0.0,0.0
1930,Pinsoglio,Pinsoglio Carlo,P,Por,1,1,1,1,Juventus,0,0,sinistro,Italia,16/03/1990 00:00:00,https://content.fantacalcio.it/web/campioncini/card/NO-CAMPIONCINO.jpg,0,0.0,0.0
1933,Mandragora,Mandragora Rolando,C,M;C,5,5,5,5,Udinese,0,0,sinistro,Italia,29/06/1997 00:00:00,https://content.fantacalcio.it/web/campioncini/card/MANDRAGORA.jpg,0,0.0,0.0
1934,Strakosha,Strakosha Thomas,P,Por,15,15,15,15,Lazio,0,0,destro,Albania;Grecia,19/03/1995 00:00:00,https://content.fantacalcio.it/web/campioncini/card/STRAKOSHA.jpg,0,6.0,6.0
1939,Lapadula,Lapadula Gianluca,A,Pc,14,14,14,14,Benevento,0,0,sinistro,Italia;Perù,07/02/1990 00:00:00,https://content.fantacalcio.it/web/campioncini/card/LAPADULA.jpg,0,6.0,6.0
1943,Nestorovski,Nestorovski Ilija,A,Pc,12,12,11,11,Udinese,0,0,sinistro,Macedonia del Nord,12/03/1990 00:00:00,https://content.fantacalcio.it/web/campioncini/card/NESTOROVSKI.jpg,0,6.0,6.0
1946,Aresti,Aresti Simone,P,Por,1,1,1,1,Cagliari,0,0,destro,Italia,15/03/1986 00:00:00,https://content.fantacalcio.it/web/campioncini/card/ARESTI.jpg,0,0.0,0.0
1950,Mazzotta,Mazzotta Antonio,D,Ds;E,4,4,4,4,Crotone,0,0,sinistro,Italia,02/08/1989 00:00:00,https://content.fantacalcio.it/web/campioncini/card/NO-CAMPIONCINO.jpg,0,4.5,4.0
1958,Caprari,Caprari Gianluca,A,A,11,11,11,11,Benevento,0,0,destro,Italia,30/07/1993 00:00:00,https://content.fantacalcio.it/web/campioncini/card/CAPRARI.jpg,0,6.0,7.0
1974,Schick,Schick Patrick,A,Pc,22,22,21,21,Roma,0,0,sinistro,Repubblica Ceca,24/01/1996 00:00:00,https://content.fantacalcio.it/web/campioncini/card/SCHICK.jpg,1,0.0,0.0
1978,Sensi,Sensi Stefano,C,C,12,12,11,11,Inter,0,0,destro,Italia,05/08/1995 00:00:00,https://content.fantacalcio.it/web/campioncini/card/SENSI.jpg,0,6.5,6.5
1982,Parigini,Parigini Vittorio,C,W,3,3,3,3,Genoa,0,0,destro,Italia,25/03/1996 00:00:00,https://content.fantacalcio.it/web/campioncini/card/NO-CAMPIONCINO.jpg,0,0.0,0.0
1987,Jankto,Jankto Jacub,C,C;W,11,11,12,12,Sampdoria,0,0,sinistro,Repubblica Ceca,19/01/1996 00:00:00,https://content.fantacalcio.it/web/campioncini/card/JANKTO.jpg,0,5.5,5.5
1995,Djuricic,Djuricic Filip,C,T,14,13,13,12,Sassuolo,0,0,ambidestro,Serbia,30/01/1992 00:00:00,https://content.fantacalcio.it/web/campioncini/card/DJURICIC.jpg,0,6.25,7.5
1996,De Paul,De Paul Rodrigo,C,T,20,20,20,20,Udinese,0,0,destro,Argentina;Italia,24/04/1994 00:00:00,https://content.fantacalcio.it/web/campioncini/card/DE-PAUL.jpg,0,6.5,6.5
1997,Simy,Simeon Tochukwu Nwankwo,A,Pc,13,13,13,13,Crotone,0,0,destro,Nigeria,07/05/1992 00:00:00,https://content.fantacalcio.it/web/campioncini/card/SIMY.jpg,0,5.25,5.25
1998,Pjaca,Pjaca Marko,A,A,3,5,3,5,Genoa,0,0,destro,Croazia,06/05/1995 00:00:00,https://content.fantacalcio.it/web/campioncini/card/PJACA.jpg,0,6.0,7.5
1999,Lukaku J.,Lukaku Jordan,D,E,3,3,3,3,Lazio,0,0,sinistro,Belgio;Repubblica Democratica del Congo,25/07/1994 00:00:00,https://content.fantacalcio.it/web/campioncini/card/LUKAKU-J.jpg,0,0.0,0.0
2002,Chiesa,Chiesa Federico,C,W;A,23,23,25,25,Fiorentina,0,0,destro,Italia,25/10/1997 00:00:00,https://content.fantacalcio.it/web/campioncini/card/CHIESA.jpg,0,6.75,8.75
2006,Lirola,Lirola Pol,D,Dd;E,8,8,8,8,Fiorentina,0,0,destro,Spagna,13/08/1997 00:00:00,https://content.fantacalcio.it/web/campioncini/card/LIROLA.jpg,0,6.0,6.0
2007,Wallace,Wallace Santos,D,Dc,1,1,1,1,Lazio,0,0,destro,Brasile,14/10/1994 00:00:00,https://content.fantacalcio.it/web/campioncini/card/WALLACE.jpg,0,0.0,0.0
2008,Linetty,Linetty Karol,C,C,12,12,11,11,Torino,0,0,destro,Polonia,02/02/1995 00:00:00,https://content.fantacalcio.it/web/campioncini/card/LINETTY.jpg,0,5.5,5.25
2009,Lukic,Lukic Sasa,C,C,4,4,3,3,Torino,0,0,destro,Serbia,13/08/1996 00:00:00,https://content.fantacalcio.it/web/campioncini/card/NO-CAMPIONCINO.jpg,0,5.5,5.5
2011,Miguel Veloso,Veloso Miguel,C,M;C,8,8,8,8,Verona,0,0,sinistro,Portogallo,11/05/1986 00:00:00,https://content.fantacalcio.it/web/campioncini/card/MIGUEL-VELOSO.jpg,0,6.25,6.25
2012,Milik,Milik Arkadiusz,A,Pc,24,23,24,23,Napoli,0,0,sinistro,Polonia,28/02/1994 00:00:00,https://content.fantacalcio.it/web/campioncini/card/MILIK.jpg,0,0.0,0.0
2013,Ricci F.,Ricci Federico,A,A,1,1,1,1,Sassuolo,0,0,sinistro,Italia,27/05/1994 00:00:00,https://content.fantacalcio.it/web/campioncini/card/NO-CAMPIONCINO.jpg,0,0.0,0.0
2016,Fazio,Fazio Federico,D,Dc,5,5,5,5,Roma,0,0,destro,Argentina;Italia,17/03/1987 00:00:00,https://content.fantacalcio.it/web/campioncini/card/FAZIO.jpg,0,0.0,0.0
2038,Pinamonti,Pinamonti Andrea,A,Pc,11,11,10,10,Inter,0,0,destro,Italia,19/05/1999 00:00:00,https://content.fantacalcio.it/web/campioncini/card/PINAMONTI.jpg,0,0.0,0.0
2061,Simeone,Simeone Giovanni,A,Pc,20,21,19,20,Cagliari,0,0,destro,Argentina;Spagna,05/07/1995 00:00:00,https://content.fantacalcio.it/web/campioncini/card/SIMEONE.jpg,0,6.0,7.5
2062,Bastos,Bastos,D,Dc,5,5,5,5,Lazio,0,0,destro,Angola,23/11/1991 00:00:00,https://content.fantacalcio.it/web/campioncini/card/BASTOS.jpg,0,0.0,0.0
2075,Cristoforo,Cristoforo Sebastian,C,M;C,1,1,1,1,Fiorentina,0,0,destro,Uruguay;Italia,23/08/1993 00:00:00,https://content.fantacalcio.it/web/campioncini/card/CRISTOFORO.jpg,0,0.0,0.0
2076,Rog,Rog Marko,C,M;C,8,8,9,9,Cagliari,0,0,destro,Croazia,19/07/1995 00:00:00,https://content.fantacalcio.it/web/campioncini/card/ROG.jpg,0,6.0,5.75
2077,Pasalic,Pasalic Mario,C,C;T,17,17,16,16,Atalanta,0,0,destro,Croazia,09/02/1995 00:00:00,https://content.fantacalcio.it/web/campioncini/card/PASALIC.jpg,0,0.0,0.0
2083,Biraschi,Biraschi Davide,D,Dd;Dc;E,5,6,5,6,Genoa,0,0,destro,Italia,02/07/1994 00:00:00,https://content.fantacalcio.it/web/campioncini/card/BIRASCHI.jpg,0,5.5,5.5
2085,Luis Alberto,Luis Alberto Alconchel,C,T,25,25,25,25,Lazio,0,0,destro,Spagna,28/09/1992 00:00:00,https://content.fantacalcio.it/web/campioncini/card/LUIS-ALBERTO.jpg,0,6.5,6.5
2104,Bereszynski,Bersezynski Bartosz,D,Dd;E,5,5,5,5,Sampdoria,0,0,destro,Polonia,12/07/1992 00:00:00,https://content.fantacalcio.it/web/campioncini/card/BERESZYNSKI.jpg,0,5.5,5.5
2107,Kiyine,Kiyine Sofian,C,C;W;T,1,1,2,2,Lazio,0,0,destro,Belgio;Marocco,02/10/1997 00:00:00,https://content.fantacalcio.it/web/campioncini/card/NO-CAMPIONCINO.jpg,0,0.0,0.0
2116,Farago',Faragò Paolo,D,Dd;E,4,4,4,4,Cagliari,0,0,destro,Italia,12/02/1993 00:00:00,https://content.fantacalcio.it/web/campioncini/card/FARAGO.jpg,0,4.75,4.5
2120,Bastoni,Bastoni Alessandro,D,Dc,12,12,12,12,Inter,0,0,sinistro,Italia,13/04/1999 00:00:00,https://content.fantacalcio.it/web/campioncini/card/BASTONI.jpg,0,5.5,5.5
2121,Melegoni,Melegoni Filippo,C,C,1,1,1,1,Genoa,0,0,destro,Italia,18/02/1999 00:00:00,https://content.fantacalcio.it/web/campioncini/card/NO-CAMPIONCINO.jpg,0,6.0,6.0
2124,Zajc,Zajc Miha,C,T,11,11,10,10,Genoa,0,0,destro,Slovenia,01/07/1994 00:00:00,https://content.fantacalcio.it/web/campioncini/card/ZAJC.jpg,0,5.5,5.25
2130,Hateboer,Hateboer Hans,D,Dd;E,11,11,12,12,Atalanta,0,0,destro,Olanda,09/01/1994 00:00:00,https://content.fantacalcio.it/web/campioncini/card/HATEBOER.jpg,0,7.0,10.0
2137,Scamacca,Scamacca Gianluca,A,Pc,1,1,1,1,Sassuolo,0,0,ambidestro,Italia,01/01/1999 00:00:00,https://content.fantacalcio.it/web/campioncini/card/NO-CAMPIONCINO.jpg,0,0.0,0.0
2141,Depaoli,Depaoli Fabio,D,Dd;E,6,6,6,6,Sampdoria,0,0,destro,Italia,24/04/1997 00:00:00,https://content.fantacalcio.it/web/campioncini/card/NO-CAMPIONCINO.jpg,0,5.5,5.5
2143,Cuomo,Cuomo Giuseppe,D,Dc,3,3,3,3,Crotone,0,0,destro,Italia,02/02/1998 00:00:00,https://content.fantacalcio.it/web/campioncini/card/NO-CAMPIONCINO.jpg,0,0.0,0.0
2144,Coulibaly,Coulibaly Mamadou,C,M;C,1,1,1,1,Udinese,0,0,destro,Senegal,03/02/1999 00:00:00,https://content.fantacalcio.it/web/campioncini/card/NO-CAMPIONCINO.jpg,0,6.0,6.0
2154,Vignato,Vignato Emanuel,A,T;A,3,3,4,4,Bologna,0,0,destro,Italia;Brasile,24/08/2000 00:00:00,https://content.fantacalcio.it/web/campioncini/card/NO-CAMPIONCINO.jpg,0,0.0,0.0
2155,Cutrone,Cutrone Patrick,A,Pc,12,12,11,11,Fiorentina,0,0,destro,Italia,03/01/1998 00:00:00,https://content.fantacalcio.it/web/campioncini/card/CUTRONE.jpg,0,0.0,0.0
2160,Gosens,Gosens Robin,D,E,24,24,24,24,Atalanta,0,0,sinistro,Germania;Olanda,05/07/1994 00:00:00,https://content.fantacalcio.it/web/campioncini/card/GOSENS.jpg,0,7.0,7.0
2163,Cornelius,Cornelius Andreas,A,Pc,15,14,14,13,Parma,0,0,sinistro,Danimarca,16/03/1993 00:00:00,https://content.fantacalcio.it/web/campioncini/card/CORNELIUS.jpg,0,5.0,5.0
2164,Milenkovic,Milenkovic Nikola,D,Dd;Dc,14,14,14,14,Fiorentina,0,0,destro,Serbia,12/10/1997 00:00:00,https://content.fantacalcio.it/web/campioncini/card/MILENKOVIC.jpg,0,6.0,5.75
2166,Bentancur,Bentancur Rodrigo,C,C,13,13,12,12,Juventus,0,0,ambidestro,Uruguay,25/06/1997 00:00:00,https://content.fantacalcio.it/web/campioncini/card/BENTANCUR.jpg,0,6.0,6.0
2167,Orsolini,Orsolini Riccardo,A,W;A,16,15,18,17,Bologna,0,0,sinistro,Italia,24/01/1997 00:00:00,https://content.fantacalcio.it/web/campioncini/card/ORSOLINI.jpg,0,4.5,4.5
2168,Musacchio,Musacchio Mateo,D,Dc,7,7,7,7,Milan,0,0,destro,Argentina;Italia,26/08/1990 00:00:00,https://content.fantacalcio.it/web/campioncini/card/MUSACCHIO.jpg,0,0.0,0.0
2169,Rodriguez R.,Rodriguez Ricardo,D,Ds;E,9,9,9,9,Torino,0,0,sinistro,Svizzera;Cile,25/08/1992 00:00:00,https://content.fantacalcio.it/web/campioncini/card/RODRIGUEZ-R.jpg,0,0.0,0.0
2171,Lyanco,Lyanco,D,Dc,6,6,6,6,Torino,0,0,destro,Brasile;Serbia,01/02/1997 00:00:00,https://content.fantacalcio.it/web/campioncini/card/LYANCO.jpg,0,0.0,0.0
2172,Barak,Barak Antonin,C,C;T,11,11,12,12,Verona,0,0,sinistro,Repubblica Ceca,03/12/1994 00:00:00,https://content.fantacalcio.it/web/campioncini/card/BARAK.jpg,0,6.25,6.25
2174,Venuti,Venuti Lorenzo,D,Dd;Ds;E,3,3,4,4,Fiorentina,0,0,destro,Italia,12/04/1995 00:00:00,https://content.fantacalcio.it/web/campioncini/card/NO-CAMPIONCINO.jpg,0,0.0,0.0
2178,Cragno,Cragno Alessio,P,Por,11,11,11,11,Cagliari,0,0,destro,Italia,28/06/1994 00:00:00,https://content.fantacalcio.it/web/campioncini/card/CRAGNO.jpg,0,6.5,5.0
2179,Sirigu,Sirigu Salvatore,P,Por,11,11,11,11,Torino,0,0,destro,Italia,12/01/1987 00:00:00,https://content.fantacalcio.it/web/campioncini/card/SIRIGU.jpg,0,6.5,4.0
2180,Karsdorp,Karsdorp Rick,D,Dd;E,3,4,3,4,Roma,0,0,destro,Olanda,11/02/1995 00:00:00,https://content.fantacalcio.it/web/campioncini/card/KARSDORP.jpg,0,6.0,6.0
2181,Palomino,Palomino Josè Luis,D,Dc,9,9,9,9,Atalanta,0,0,sinistro,Argentina,05/01/1990 00:00:00,https://content.fantacalcio.it/web/campioncini/card/PALOMINO.jpg,0,6.0,6.0
2188,Marusic,Marusic Adam,C,E,4,4,4,4,Lazio,0,0,destro,Montenegro;Serbia,17/10/1992 00:00:00,https://content.fantacalcio.it/web/campioncini/card/MARUSIC.jpg,0,7.5,8.5
2192,Bonifazi,Bonifazi Kevin,D,Dc,6,6,6,6,Udinese,0,0,destro,Italia,19/05/1996 00:00:00,https://content.fantacalcio.it/web/campioncini/card/BONIFAZI.jpg,0,0.0,0.0
2194,Calhanoglu,Calhanoglu Hakan,C,T,24,24,24,24,Milan,0,0,destro,Turchia;Germania,08/02/1994 00:00:00,https://content.fantacalcio.it/web/campioncini/card/CALHANOGLU.jpg,0,6.5,6.5
2195,Ounas,Ounas Adam,A,A,5,5,5,5,Napoli,0,0,sinistro,Algeria;Francia,11/11/1996 00:00:00,https://content.fantacalcio.it/web/campioncini/card/OUNAS.jpg,0,0.0,0.0
2196,Galabinov,Galabinov Andrej,A,Pc,4,4,4,4,Spezia,0,0,destro,Bulgaria,13/11/1988 00:00:00,https://content.fantacalcio.it/web/campioncini/card/GALABINOV.jpg,0,6.5,9.5
2197,Castagne,Castagne Timothy,D,E,10,10,10,10,Atalanta,0,0,destro,Belgio,05/12/1995 00:00:00,https://content.fantacalcio.it/web/campioncini/card/CASTAGNE.jpg,1,0.0,0.0
2200,Douglas Costa,Costa Douglas,C,W,12,12,12,12,Juventus,0,0,sinistro,Brasile,14/09/1990 00:00:00,https://content.fantacalcio.it/web/campioncini/card/DOUGLAS-COSTA.jpg,0,6.0,6.0
2201,Under,Under Cengiz,C,W;A,14,14,14,14,Roma,0,0,sinistro,Turchia,14/07/1997 00:00:00,https://content.fantacalcio.it/web/campioncini/card/UNDER.jpg,1,0.0,0.0
2205,Berenguer,Berenguer Alex,C,W;T,8,8,8,8,Torino,0,0,destro,Italia,04/07/1995 00:00:00,https://content.fantacalcio.it/web/campioncini/card/BERENGUER.jpg,0,6.0,6.0
2208,Jaroszynski,Jaroszynski Pawel,D,Ds;Dc;E,1,1,1,1,Genoa,0,0,sinistro,Polonia,02/10/1994 00:00:00,https://content.fantacalcio.it/web/campioncini/card/NO-CAMPIONCINO.jpg,1,0.0,0.0
2209,Lucas Leiva,Leiva Lucas,C,M;C,8,8,9,9,Lazio,0,0,destro,Brasile;Italia,09/01/1987 00:00:00,https://content.fantacalcio.it/web/campioncini/card/LUCAS-LEIVA.jpg,0,5.5,5.0
2211,Silvestri,Silvestri Marco,P,Por,11,12,11,12,Verona,0,0,destro,Italia,02/03/1991 00:00:00,https://content.fantacalcio.it/web/campioncini/card/SILVESTRI.jpg,0,6.5,6.5
2213,Cassata,Cassata Francesco,C,M;C,5,5,6,6,Genoa,0,0,destro,Italia,16/07/1997 00:00:00,https://content.fantacalcio.it/web/campioncini/card/CASSATA.jpg,0,0.0,0.0
2214,Kolarov,Kolarov Aleksandar,D,Ds;Dc;E,14,14,16,16,Inter,0,0,sinistro,Serbia,10/11/1985 00:00:00,https://content.fantacalcio.it/web/campioncini/card/KOLAROV.jpg,0,4.5,4.5
2215,Veretout,Veretout Jordan,C,C,15,15,14,14,Roma,0,0,destro,Francia,01/03/1993 00:00:00,https://content.fantacalcio.it/web/campioncini/card/VERETOUT.jpg,0,6.75,9.75
2244,Del Pinto,Del Pinto Lorenzo,C,M;C,1,1,1,1,Benevento,0,0,destro,Italia,17/06/1990 00:00:00,https://content.fantacalcio.it/web/campioncini/card/NO-CAMPIONCINO.jpg,0,0.0,0.0
2252,Marchizza,Marchizza Riccardo,D,Ds;Dc,3,3,3,3,Spezia,0,0,sinistro,Italia,26/03/1998 00:00:00,https://content.fantacalcio.it/web/campioncini/card/NO-CAMPIONCINO.jpg,0,0.0,0.0
2263,Lazzari,Lazzari Manuel,C,E,11,11,13,13,Lazio,0,0,destro,Italia,29/11/1993 00:00:00,https://content.fantacalcio.it/web/campioncini/card/LAZZARI.jpg,0,7.0,10.0
2264,Mora,Mora Luca,C,C,4,4,4,4,Spezia,0,0,sinistro,Italia,10/05/1988 00:00:00,https://content.fantacalcio.it/web/campioncini/card/NO-CAMPIONCINO.jpg,0,6.0,6.0
2265,Schiattarella,Schiattarella Pasquale,C,M;C,4,4,4,4,Benevento,0,0,destro,Italia,30/05/1987 00:00:00,https://content.fantacalcio.it/web/campioncini/card/SCHIATTARELLA.jpg,0,5.5,5.5
2271,Nicolas,Nicolas,P,Por,1,1,1,1,Udinese,0,0,destro,Brasile;Italia,12/04/1988 00:00:00,https://content.fantacalcio.it/web/campioncini/card/NICOLAS.jpg,0,0.0,0.0
2279,Romagna,Romagna Filippo,D,Dc,5,5,5,5,Sassuolo,0,0,destro,Italia,26/05/1997 00:00:00,https://content.fantacalcio.it/web/campioncini/card/ROMAGNA.jpg,0,0.0,0.0
2280,Nuytinck,Nuytinck Bram,D,Dc,8,8,8,8,Udinese,0,0,sinistro,Olanda,04/05/1990 00:00:00,https://content.fantacalcio.it/web/campioncini/card/NUYTINCK.jpg,0,0.0,0.0
2284,Caicedo,Caicedo Felipe,A,Pc,17,17,15,15,Lazio,0,0,sinistro,Ecuador;Spagna,05/09/1988 00:00:00,https://content.fantacalcio.it/web/campioncini/card/CAICEDO.jpg,0,6.0,6.0
2285,Bani,Bani Mattia,D,Dc,7,7,6,6,Bologna,0,0,destro,Italia,10/12/1993 00:00:00,https://content.fantacalcio.it/web/campioncini/card/BANI.jpg,0,0.0,0.0
2286,Crociata,Crociata Giovanni,C,C;T,4,4,4,4,Crotone,0,0,destro,Italia,11/08/1997 00:00:00,https://content.fantacalcio.it/web/campioncini/card/NO-CAMPIONCINO.jpg,0,0.0,0.0
2287,Ramirez,Ramirez Gaston,C,W;T,16,16,17,17,Sampdoria,0,0,sinistro,Uruguay,02/12/1990 00:00:00,https://content.fantacalcio.it/web/campioncini/card/RAMIREZ.jpg,0,5.75,5.5
2288,N'Koulou,N'Koulou Nicolas,D,Dc,11,11,11,11,Torino,0,0,destro,Camerun,27/03/1990 00:00:00,https://content.fantacalcio.it/web/campioncini/card/N-KOULOU.jpg,0,5.5,5.5
2289,Dalbert,Dalbert,D,Ds;E,4,4,4,4,Inter,0,0,sinistro,Brasile,08/09/1993 00:00:00,https://content.fantacalcio.it/web/campioncini/card/DALBERT.jpg,0,0.0,0.0
2296,Mancini,Mancini Gianluca,D,Dc,10,10,10,10,Roma,0,0,destro,Italia,17/04/1996 00:00:00,https://content.fantacalcio.it/web/campioncini/card/MANCINI.jpg,0,6.0,6.0
2297,Rossi F.,Rossi Francesco,P,Por,1,1,1,1,Atalanta,0,0,destro,Italia,27/04/1991 00:00:00,https://content.fantacalcio.it/web/campioncini/card/NO-CAMPIONCINO.jpg,0,0.0,0.0
2302,Behrami,Behrami Valon,C,M,4,4,4,4,Genoa,0,0,destro,Albania;Kosovo,19/04/1985 00:00:00,https://content.fantacalcio.it/web/campioncini/card/BEHRAMI.jpg,0,6.0,6.0
2304,Salcedo E.,Salcedo Eddy,A,Pc,7,7,6,6,Verona,0,0,destro,Italia;Colombia,01/10/2001 00:00:00,https://content.fantacalcio.it/web/campioncini/card/NO-CAMPIONCINO.jpg,0,0.0,0.0
2309,Pezzella Ger.,Pezzella German,D,Dc,10,10,10,10,Fiorentina,0,0,destro,Argentina,27/06/1991 00:00:00,https://content.fantacalcio.it/web/campioncini/card/PEZZELLA-GER.jpg,0,0.0,0.0
2315,Stryger Larsen,Stryger Larsen Jens,D,Dd;Dc;E,9,9,10,10,Udinese,0,0,ambidestro,Danimarca,21/02/1991 00:00:00,https://content.fantacalcio.it/web/campioncini/card/STRYGER-LARSEN.jpg,0,0.0,0.0
2316,Zanellato,Zanellato Niccolò,C,C,2,3,2,3,Crotone,0,0,destro,Italia,24/06/1998 00:00:00,https://content.fantacalcio.it/web/campioncini/card/NO-CAMPIONCINO.jpg,0,5.75,5.75
2318,Rogerio,Rogerio,D,Ds;E,6,6,6,6,Sassuolo,0,0,sinistro,Brasile,13/01/1998 00:00:00,https://content.fantacalcio.it/web/campioncini/card/ROGERIO.jpg,0,6.0,6.0
2325,Karamoh,Karamoh Yann,A,A,5,5,5,5,Parma,0,0,destro,Francia;Costa d'Avorio,08/07/1998 00:00:00,https://content.fantacalcio.it/web/campioncini/card/KARAMOH.jpg,0,6.0,6.0
2327,Stepinski,Stepinski Mariusz,A,Pc,6,6,5,5,Verona,0,0,destro,Polonia,12/05/1995 00:00:00,https://content.fantacalcio.it/web/campioncini/card/STEPINSKI.jpg,0,0.0,0.0
2334,Leris,Leris Mehdi,C,C;W,2,2,2,2,Sampdoria,0,0,destro,Francia;Algeria,23/05/1998 00:00:00,https://content.fantacalcio.it/web/campioncini/card/NO-CAMPIONCINO.jpg,0,5.5,5.5
2335,Luiz Felipe,Luiz Felipe Ramos,D,Dc,8,8,8,8,Lazio,0,0,destro,Brasile;Italia,22/03/1997 00:00:00,https://content.fantacalcio.it/web/campioncini/card/LUIZ-FELIPE.jpg,0,0.0,0.0
2355,Marlon,Marlon,D,Dc,7,7,7,7,Sassuolo,0,0,destro,Brasile,07/09/1995 00:00:00,https://content.fantacalcio.it/web/campioncini/card/MARLON.jpg,0,0.0,0.0
2378,Pastore,Pastore Javier,C,T,5,5,4,4,Roma,0,0,destro,Argentina;Italia,20/06/1989 00:00:00,https://content.fantacalcio.it/web/campioncini/card/PASTORE.jpg,0,0.0,0.0
2379,Rabiot,Rabiot Adrien,C,C,10,10,9,9,Juventus,0,0,sinistro,Francia,03/04/1995 00:00:00,https://content.fantacalcio.it/web/campioncini/card/RABIOT.jpg,0,5.0,4.5
2391,Ekdal,Ekdal Albin,C,M;C,8,8,8,8,Sampdoria,0,0,destro,Svezia,28/07/1989 00:00:00,https://content.fantacalcio.it/web/campioncini/card/EKDAL.jpg,0,5.5,5.5
2392,Walace,Walace Souza,C,M,6,6,5,5,Udinese,0,0,destro,Brasile,04/04/1995 00:00:00,https://content.fantacalcio.it/web/campioncini/card/NO-CAMPIONCINO.jpg,0,0.0,0.0
2409,Ribery,Ribery Frank,A,A,18,18,18,18,Fiorentina,0,0,destro,Francia,07/04/1983 00:00:00,https://content.fantacalcio.it/web/campioncini/card/RIBERY.jpg,0,6.75,7.75
2414,Vidal,Vidal Arturo,C,C,19,19,19,19,Inter,0,0,destro,Cile,22/05/1987 00:00:00,https://content.fantacalcio.it/web/campioncini/card/VIDAL.jpg,0,6.0,6.0
2468,Ospina,Ospina David,P,Por,8,9,8,9,Napoli,0,0,destro,Colombia,31/08/1988 00:00:00,https://content.fantacalcio.it/web/campioncini/card/OSPINA.jpg,0,6.0,6.0
2472,Ramsey,Ramsey Aaron,C,T,12,13,10,11,Juventus,0,0,ambidestro,Galles,26/12/1990 00:00:00,https://content.fantacalcio.it/web/campioncini/card/RAMSEY.jpg,0,6.5,7.0
2475,Sanchez,Sanchez Alexis,A,A,24,24,24,24,Inter,0,0,destro,Cile,19/02/1988 00:00:00,https://content.fantacalcio.it/web/campioncini/card/SANCHEZ.jpg,0,7.0,8.0
2489,Pedro,Pedro Rodriguez Ledesma,A,W;A,16,16,18,18,Roma,0,0,ambidestro,Spagna,28/07/1987 00:00:00,https://content.fantacalcio.it/web/campioncini/card/NO-CAMPIONCINO.jpg,0,6.0,6.0
2525,Darmian,Darmian Matteo,D,Dd;Ds;E,7,7,8,8,Parma,0,0,destro,Italia,02/12/1989 00:00:00,https://content.fantacalcio.it/web/campioncini/card/DARMIAN.jpg,0,6.0,5.5
2529,Mkhitaryan,Mkhitaryan Henrikh,C,T;A,24,23,24,23,Roma,0,0,ambidestro,Armenia,21/01/1989 00:00:00,https://content.fantacalcio.it/web/campioncini/card/MKHITARYAN.jpg,0,5.75,6.25
2530,Ibrahimovic,Ibrahimovic Zlatan,A,Pc,35,37,35,37,Milan,0,0,ambidestro,Svezia,03/10/1981 00:00:00,https://content.fantacalcio.it/web/campioncini/card/IBRAHIMOVIC.jpg,0,7.5,13.5
2531,Lukaku,Lukaku Romelu,A,Pc,42,42,42,42,Inter,0,0,sinistro,Belgio;Repubblica Democratica del Congo,13/03/1993 00:00:00,https://content.fantacalcio.it/web/campioncini/card/LUKAKU-R.jpg,0,6.5,9.5
2556,Eriksen,Eriksen Christian,C,T,17,17,16,16,Inter,0,0,ambidestro,Danimarca,14/02/1992 00:00:00,https://content.fantacalcio.it/web/campioncini/card/ERIKSEN.jpg,0,5.5,5.5
2572,Godin,Godin Diego,D,Dc,9,9,9,9,Cagliari,0,0,destro,Uruguay;Spagna,16/02/1986 00:00:00,https://content.fantacalcio.it/web/campioncini/card/GODIN.jpg,0,0.0,0.0
2610,Ronaldo,Cristiano Ronaldo,A,Pc,48,48,48,48,Juventus,0,0,ambidestro,Portogallo,05/02/1985 00:00:00,https://content.fantacalcio.it/web/campioncini/card/RONALDO.jpg,0,7.0,11.5
2625,Soriano,Soriano Roberto,C,C;T,13,13,14,14,Bologna,0,0,ambidestro,Italia;Germania,08/02/1991 00:00:00,https://content.fantacalcio.it/web/campioncini/card/SORIANO.jpg,0,5.5,5.5
2633,Kjaer,Kjaer Simon,D,Dc,8,8,8,8,Milan,0,0,destro,Danimarca,26/03/1989 00:00:00,https://content.fantacalcio.it/web/campioncini/card/KJAER.jpg,0,6.75,6.75
2653,Lykogiannis,Lykogiannis Charalampos,D,Ds;E,2,3,2,3,Cagliari,0,0,sinistro,Grecia,22/10/1993 00:00:00,https://content.fantacalcio.it/web/campioncini/card/LYKOGIANNIS.jpg,0,5.5,5.5
2659,Dabo,Dabo Bryan,C,M;C,2,2,2,2,Benevento,0,0,destro,Francia;Mali,18/02/1992 00:00:00,https://content.fantacalcio.it/web/campioncini/card/DABO.jpg,0,6.0,5.5
2664,El Yamiq,El Yamiq Jawad,D,Dc,1,1,1,1,Genoa,0,0,destro,Marocco,29/02/1992 00:00:00,https://content.fantacalcio.it/web/campioncini/card/NO-CAMPIONCINO.jpg,1,0.0,0.0
2692,Castillejo,Castillejo Samu,C,W,13,12,13,12,Milan,0,0,sinistro,Spagna,18/01/1995 00:00:00,https://content.fantacalcio.it/web/campioncini/card/CASTILLEJO.jpg,0,5.5,5.25
2707,Young,Young Ashley,D,Dd;Ds;E,12,12,13,13,Inter,0,0,ambidestro,Inghilterra;Giamaica,09/07/1985 00:00:00,https://content.fantacalcio.it/web/campioncini/card/YOUNG.jpg,0,5.5,5.5
2719,Barrow,Barrow Musa,A,A,23,22,23,22,Bologna,0,0,destro,Gambia,14/11/1998 00:00:00,https://content.fantacalcio.it/web/campioncini/card/BARROW.jpg,0,5.0,5.0
2725,Caligara,Caligara Fabrizio,C,C,1,1,1,1,Cagliari,0,0,sinistro,Italia,12/04/2000 00:00:00,https://content.fantacalcio.it/web/campioncini/card/NO-CAMPIONCINO.jpg,0,5.5,5.5
2726,Danzi,Danzi Andrea,C,M;C,1,1,1,1,Verona,0,0,destro,Italia,25/02/1999 00:00:00,https://content.fantacalcio.it/web/campioncini/card/NO-CAMPIONCINO.jpg,0,5.5,5.0
2728,Pellegrini Lu.,Pellegrini Luca,D,Ds;E,5,5,5,5,Genoa,0,0,sinistro,Italia,07/03/1999 00:00:00,https://content.fantacalcio.it/web/campioncini/card/PELLEGRINI-LU.jpg,0,5.0,5.0
2739,Reca,Reca Arkadiusz,D,Ds;E,3,3,3,3,Crotone,0,0,sinistro,Polonia,17/06/1995 00:00:00,https://content.fantacalcio.it/web/campioncini/card/NO-CAMPIONCINO.jpg,0,6.0,6.0
2741,Pessina,Pessina Matteo,C,C;T,7,7,7,7,Atalanta,0,0,sinistro,Italia,21/04/1997 00:00:00,https://content.fantacalcio.it/web/campioncini/card/PESSINA.jpg,0,0.0,0.0
2743,Santander,Santander Federico,A,Pc,8,8,7,7,Bologna,0,0,destro,Paraguay,04/06/1991 00:00:00,https://content.fantacalcio.it/web/campioncini/card/SANTANDER.jpg,0,0.0,0.0
2744,Svanberg,Svanberg Mattias,C,C;T,4,4,4,4,Bologna,0,0,destro,Svezia,05/01/1999 00:00:00,https://content.fantacalcio.it/web/campioncini/card/NO-CAMPIONCINO.jpg,0,0.0,0.0
2746,Dijks,Dijks Mitchell,D,Ds;E,7,6,7,6,Bologna,0,0,sinistro,Olanda,09/02/1993 00:00:00,https://content.fantacalcio.it/web/campioncini/card/DIJKS.jpg,0,4.5,3.5
2758,Gunter,Gunter Koray,D,Dc,7,8,7,8,Verona,0,0,destro,Germania;Turchia,16/08/1994 00:00:00,https://content.fantacalcio.it/web/campioncini/card/GUNTER.jpg,0,6.5,6.5
2759,Criscito,Criscito Domenico,D,Ds;Dc;E,14,14,15,15,Genoa,0,0,sinistro,Italia,30/12/1986 00:00:00,https://content.fantacalcio.it/web/campioncini/card/CRISCITO.jpg,0,0.0,0.0
2762,Kouame',Kouamè Christian,A,A,16,15,17,16,Fiorentina,0,0,destro,Costa d'Avorio,06/12/1997 00:00:00,https://content.fantacalcio.it/web/campioncini/card/KOUAME.jpg,0,5.75,7.25
2764,Martinez L.,Martinez Lautaro,A,Pc,30,30,30,30,Inter,0,0,destro,Argentina,22/08/1997 00:00:00,https://content.fantacalcio.it/web/campioncini/card/MARTINEZ-L.jpg,0,7.5,10.5
2766,Zaniolo,Zaniolo Nicolò,C,T,17,17,17,17,Roma,0,0,sinistro,Italia,02/07/1999 00:00:00,https://content.fantacalcio.it/web/campioncini/card/ZANIOLO.jpg,0,0.0,0.0
2769,Magnani,Magnani Giangiacomo,D,Dc,5,5,5,5,Verona,0,0,sinistro,Italia,04/10/1995 00:00:00,https://content.fantacalcio.it/web/campioncini/card/MAGNANI.jpg,0,0.0,0.0
2770,Proto,Proto Silvio,P,Por,1,1,1,1,Lazio,0,0,destro,Belgio;Italia,23/05/1983 00:00:00,https://content.fantacalcio.it/web/campioncini/card/NO-CAMPIONCINO.jpg,0,0.0,0.0
2773,Sprocati,Sprocati Mattia,A,W,2,2,2,2,Parma,0,0,ambidestro,Italia,28/04/1993 00:00:00,https://content.fantacalcio.it/web/campioncini/card/NO-CAMPIONCINO.jpg,0,0.0,0.0
2775,Ruiz,Ruiz Fabian,C,C;T,14,14,14,14,Napoli,0,0,sinistro,Spagna,03/04/1996 00:00:00,https://content.fantacalcio.it/web/campioncini/card/RUIZ.jpg,0,5.75,5.75
2776,Younes,Younes Amin,A,W;A,6,6,6,6,Napoli,0,0,ambidestro,Germania;Libano,06/08/1993 00:00:00,https://content.fantacalcio.it/web/campioncini/card/YOUNES.jpg,0,0.0,0.0
2779,Kluivert,Kluivert Justin,C,W,8,8,8,8,Roma,0,0,ambidestro,Olanda;Suriname,05/05/1999 00:00:00,https://content.fantacalcio.it/web/campioncini/card/KLUIVERT.jpg,0,0.0,0.0
2784,Colley,Colley Omar,D,Dc,8,8,8,8,Sampdoria,0,0,sinistro,Gambia,24/10/1992 00:00:00,https://content.fantacalcio.it/web/campioncini/card/COLLEY.jpg,0,6.0,7.5
2788,Bremer,Bremer,D,Dc,7,7,6,6,Torino,0,0,destro,Brasile,18/03/1997 00:00:00,https://content.fantacalcio.it/web/campioncini/card/BREMER.jpg,0,5.75,5.75
2789,Meite',Meitè Soualiho,C,M;C,6,6,6,6,Torino,0,0,destro,Francia;Costa d'Avorio,17/03/1994 00:00:00,https://content.fantacalcio.it/web/campioncini/card/MEITE.jpg,0,5.75,5.75
2790,Rosati,Rosati Antonio,P,Por,1,1,1,1,Torino,0,0,destro,Italia,26/06/1983 00:00:00,https://content.fantacalcio.it/web/campioncini/card/ROSATI.jpg,0,0.0,0.0
2792,Musso,Musso Juan,P,Por,11,11,11,11,Udinese,0,0,destro,Argentina;Italia,06/05/1994 00:00:00,https://content.fantacalcio.it/web/campioncini/card/MUSSO.jpg,0,6.5,5.5
2795,Ter Avest,ter Avest Hidde,D,Dd;E,4,4,4,4,Udinese,0,0,destro,Olanda,20/05/1997 00:00:00,https://content.fantacalcio.it/web/campioncini/card/NO-CAMPIONCINO.jpg,0,6.0,6.0
2801,Iacoponi,Iacoponi Simone,D,Dd;Dc,6,5,7,6,Parma,0,0,destro,Italia,30/04/1987 00:00:00,https://content.fantacalcio.it/web/campioncini/card/IACOPONI.jpg,0,4.0,4.0
2804,Scozzarella,Scozzarella Matteo,C,M;C,4,4,4,4,Parma,0,0,destro,Italia,05/06/1988 00:00:00,https://content.fantacalcio.it/web/campioncini/card/NO-CAMPIONCINO.jpg,0,0.0,0.0
2815,Terracciano,Terracciano Pietro,P,Por,1,1,1,1,Fiorentina,0,0,destro,Italia,08/03/1990 00:00:00,https://content.fantacalcio.it/web/campioncini/card/TERRACCIANO.jpg,0,0.0,0.0
2816,Di Lorenzo,Di Lorenzo Giovanni,D,Dd;E,12,12,12,12,Napoli,0,0,destro,Italia,04/08/1993 00:00:00,https://content.fantacalcio.it/web/campioncini/card/DI-LORENZO.jpg,0,6.25,6.25
2818,Bennacer,Bennacer Ismael,C,M;C,8,8,9,9,Milan,0,0,sinistro,Algeria;Francia,01/12/1997 00:00:00,https://content.fantacalcio.it/web/campioncini/card/BENNACER.jpg,0,6.0,6.0
2819,Caputo,Caputo Francesco,A,Pc,34,33,34,33,Sassuolo,0,0,destro,Italia,06/08/1987 00:00:00,https://content.fantacalcio.it/web/campioncini/card/CAPUTO.jpg,0,6.5,8.5
2825,Bourabia,Bourabia Mehdi,C,M;C,6,8,6,8,Sassuolo,0,0,destro,Marocco;Francia,07/08/1991 00:00:00,https://content.fantacalcio.it/web/campioncini/card/BOURABIA.jpg,0,6.5,8.0
2832,Boga,Boga Jeremie,A,A,22,22,22,22,Sassuolo,0,0,destro,Costa d'Avorio;Francia,03/01/1997 00:00:00,https://content.fantacalcio.it/web/campioncini/card/BOGA.jpg,0,0.0,0.0
2833,Kulusevski,Kulusevski Dejan,C,T;A,26,27,26,27,Juventus,0,0,sinistro,Svezia;Macedonia,25/04/2000 00:00:00,https://content.fantacalcio.it/web/campioncini/card/KULUSEVSKI.jpg,0,6.25,7.75
2839,Sottil,Sottil Riccardo,C,W;A,8,8,9,9,Cagliari,0,0,destro,Italia,03/06/1999 00:00:00,https://content.fantacalcio.it/web/campioncini/card/NO-CAMPIONCINO.jpg,0,6.0,6.0
2841,Vlahovic,Vlahovic Dusan,A,Pc,18,18,18,18,Fiorentina,0,0,sinistro,Serbia,28/01/2000 00:00:00,https://content.fantacalcio.it/web/campioncini/card/VLAHOVIC.jpg,0,5.25,5.25
2845,Contini,Contini Nikita,P,Por,1,1,1,1,Napoli,0,0,destro,Italia;Ucraina,21/05/1996 00:00:00,https://content.fantacalcio.it/web/campioncini/card/NO-CAMPIONCINO.jpg,0,0.0,0.0
2848,Frattesi,Frattesi Davide,C,C,2,2,2,2,Sassuolo,0,0,destro,Italia,22/09/1999 00:00:00,https://content.fantacalcio.it/web/campioncini/card/NO-CAMPIONCINO.jpg,1,0.0,0.0
2852,Riccardi,Riccardi Alessio,C,C;T,1,1,1,1,Roma,0,0,destro,Italia,03/04/2001 00:00:00,https://content.fantacalcio.it/web/campioncini/card/NO-CAMPIONCINO.jpg,1,0.0,0.0
2853,Moncini,Moncini Gabriele,A,Pc,3,3,2,2,Benevento,0,0,destro,Italia,26/04/1996 00:00:00,https://content.fantacalcio.it/web/campioncini/card/NO-CAMPIONCINO.jpg,0,5.0,5.0
2854,Bradaric,Bradaric Filip,C,M;C,4,4,4,4,Cagliari,0,0,destro,Croazia,11/01/1992 00:00:00,https://content.fantacalcio.it/web/campioncini/card/BRADARIC.jpg,0,0.0,0.0
2855,Vieira,Vieira Ronaldo,C,M;C,4,4,4,4,Sampdoria,0,0,destro,Inghilterra;Guinea Bissau,19/07/1998 00:00:00,https://content.fantacalcio.it/web/campioncini/card/NO-CAMPIONCINO.jpg,0,0.0,0.0
2857,Traore' Hj.,Traorè Hamed ,C,C;T,8,8,8,8,Sassuolo,0,0,destro,Costa d'Avorio,18/02/2000 00:00:00,https://content.fantacalcio.it/web/campioncini/card/TRAORE-HJ.jpg,0,6.0,6.0
2860,Malcuit,Malcuit Kevin,D,Dd;E,4,4,4,4,Napoli,0,0,destro,Francia;Marocco,31/07/1991 00:00:00,https://content.fantacalcio.it/web/campioncini/card/MALCUIT.jpg,0,0.0,0.0
2865,Aina,Aina Ola,D,Dd;E,5,5,5,5,Torino,0,0,destro,Nigeria;Inghilterra,08/10/1996 00:00:00,https://content.fantacalcio.it/web/campioncini/card/AINA.jpg,1,0.0,0.0
2869,Djidji,Djidji Koffi,D,Ds;Dc,2,2,2,2,Torino,0,0,destro,Costa d'Avorio;Francia,30/11/1992 00:00:00,https://content.fantacalcio.it/web/campioncini/card/DJIDJI.jpg,0,0.0,0.0
2870,Troost-Ekong,Troost-Ekong William,D,Dc,5,5,5,5,Udinese,0,0,destro,Nigeria;Olanda,01/09/1993 00:00:00,https://content.fantacalcio.it/web/campioncini/card/TROOST-EKONG.jpg,0,0.0,0.0
2871,Klavan,Klavan Ragnar,D,Dc,5,5,5,5,Cagliari,0,0,sinistro,Estonia,30/10/1985 00:00:00,https://content.fantacalcio.it/web/campioncini/card/KLAVAN.jpg,0,5.75,5.75
2873,Teodorczyk,Teodorczyk Lukasz,A,Pc,3,3,2,2,Udinese,0,0,destro,Polonia,03/06/1991 00:00:00,https://content.fantacalcio.it/web/campioncini/card/NO-CAMPIONCINO.jpg,0,0.0,0.0
4160,Hakimi,Hakimi Achraf,D,Dd;Ds;E,20,20,22,22,Inter,0,0,destro,Marocco;Spagna,04/11/1998 00:00:00,https://content.fantacalcio.it/web/campioncini/card/HAKIMI.jpg,0,6.5,7.5
4237,Danilo,Danilo Luiz da Silva,D,Dd;Ds;E,5,6,6,7,Juventus,0,0,destro,Brasile,15/07/1991 00:00:00,https://content.fantacalcio.it/web/campioncini/card/DANILO.jpg,0,6.5,7.0
4285,Arthur,Arthur Melo,C,C,15,15,15,15,Juventus,0,0,destro,Brasile,12/08/1996 00:00:00,https://content.fantacalcio.it/web/campioncini/card/ARTHUR.jpg,0,6.0,6.0
4287,Lobotka,Lobotka Stanislav,C,M;C,5,5,5,5,Napoli,0,0,ambidestro,Slovacchia,25/11/1994 00:00:00,https://content.fantacalcio.it/web/campioncini/card/LOBOTKA.jpg,0,6.0,6.0
4292,Hernandez T.,Hernandez Theo,D,Ds;E,21,21,21,21,Milan,0,0,sinistro,Francia;Spagna,06/10/1997 00:00:00,https://content.fantacalcio.it/web/campioncini/card/HERNANDEZ-T.jpg,0,6.75,7.0
4307,Romero,Romero Cristian,D,Dc,9,9,9,9,Atalanta,0,0,destro,Argentina,27/10/1998 00:00:00,https://content.fantacalcio.it/web/campioncini/card/ROMERO.jpg,0,0.0,0.0
4322,Paqueta',Paquetà Lucas,C,T,6,6,5,5,Milan,0,0,sinistro,Brasile,27/08/1997 00:00:00,https://content.fantacalcio.it/web/campioncini/card/PAQUETA.jpg,0,0.0,0.0
4323,Zeegelaar,Zeegelaar Marvin,D,Ds;E,4,4,4,4,Udinese,0,0,sinistro,Olanda;Suriname,12/08/1990 00:00:00,https://content.fantacalcio.it/web/campioncini/card/ZEEGELAAR.jpg,0,5.5,5.5
4324,Okaka,Okaka Stefano,A,Pc,15,15,14,14,Udinese,0,0,destro,Italia;Nigeria,09/08/1989 00:00:00,https://content.fantacalcio.it/web/campioncini/card/OKAKA.jpg,0,5.5,5.5
4327,Oliva,Oliva Christian,C,M,3,4,3,4,Cagliari,0,0,destro,Uruguay,01/06/1996 00:00:00,https://content.fantacalcio.it/web/campioncini/card/NO-CAMPIONCINO.jpg,0,6.0,6.0
4330,Lerager,Lerager Lukas,C,M;C,5,6,6,7,Genoa,0,0,destro,Danimarca,12/07/1993 00:00:00,https://content.fantacalcio.it/web/campioncini/card/NO-CAMPIONCINO.jpg,0,5.0,5.0
4331,Ibanez,Ibanez Roger,D,Dc,9,9,9,9,Roma,0,0,destro,Brasile;Uruguay,23/11/1998 00:00:00,https://content.fantacalcio.it/web/campioncini/card/NO-CAMPIONCINO.jpg,0,6.25,6.25
4332,Demiral,Demiral Merih,D,Dc,6,6,6,6,Juventus,0,0,ambidestro,Turchia,05/03/1998 00:00:00,https://content.fantacalcio.it/web/campioncini/card/DEMIRAL.jpg,0,0.0,0.0
4333,Despodov,Despodov Kiril,A,A,8,8,8,8,Cagliari,0,0,destro,Bulgaria,11/11/1996 00:00:00,https://content.fantacalcio.it/web/campioncini/card/NO-CAMPIONCINO.jpg,0,0.0,0.0
4346,Millico,Millico Vincenzo,A,A,5,5,5,5,Torino,0,0,destro,Italia,12/08/2000 00:00:00,https://content.fantacalcio.it/web/campioncini/card/NO-CAMPIONCINO.jpg,0,6.0,6.0
4351,Brancolini,Brancolini Federico,P,Por,1,1,1,1,Fiorentina,0,0,destro,Italia,14/07/2001 00:00:00,https://content.fantacalcio.it/web/campioncini/card/NO-CAMPIONCINO.jpg,0,0.0,0.0
4359,Piccoli,Piccoli Roberto,A,Pc,1,1,1,1,Spezia,0,0,destro,Italia,27/01/2001 00:00:00,https://content.fantacalcio.it/web/campioncini/card/NO-CAMPIONCINO.jpg,0,0.0,0.0
4365,Corbo,Corbo Gabriele,D,Dc,1,1,1,1,Bologna,0,0,destro,Italia,11/01/2000 00:00:00,https://content.fantacalcio.it/web/campioncini/card/NO-CAMPIONCINO.jpg,1,0.0,0.0
4366,Armini,Armini Nicolò,D,Dd;Ds;Dc,1,1,1,1,Lazio,0,0,destro,Italia,07/03/2001 00:00:00,https://content.fantacalcio.it/web/campioncini/card/NO-CAMPIONCINO.jpg,0,0.0,0.0
4368,Juwara,Juwara Musa,A,A,3,3,3,3,Bologna,0,0,sinistro,Gambia,26/12/2001 00:00:00,https://content.fantacalcio.it/web/campioncini/card/NO-CAMPIONCINO.jpg,0,0.0,0.0
4371,Raspadori,Raspadori Giacomo,A,Pc,3,3,3,3,Sassuolo,0,0,ambidestro,Italia,18/02/2000 00:00:00,https://content.fantacalcio.it/web/campioncini/card/NO-CAMPIONCINO.jpg,0,0.0,0.0
4374,Walukiewicz,Walukiewicz Sebastian,D,Dc,4,4,4,4,Cagliari,0,0,destro,Polonia,05/04/2000 00:00:00,https://content.fantacalcio.it/web/campioncini/card/NO-CAMPIONCINO.jpg,0,6.0,6.0
4377,Castrovilli,Castrovilli Gaetano,C,C;T,15,16,15,16,Fiorentina,0,0,destro,Italia,17/02/1997 00:00:00,https://content.fantacalcio.it/web/campioncini/card/CASTROVILLI.jpg,0,7.0,10.0
4384,Jagiello,Jagiello Filip,C,C,5,5,5,5,Genoa,0,0,ambidestro,Polonia,08/08/1997 00:00:00,https://content.fantacalcio.it/web/campioncini/card/NO-CAMPIONCINO.jpg,0,0.0,0.0
4388,Adekanye,Adekanye Bobby,A,A,2,2,2,2,Lazio,0,0,sinistro,Olanda;Nigeria,14/02/1999 00:00:00,https://content.fantacalcio.it/web/campioncini/card/NO-CAMPIONCINO.jpg,0,0.0,0.0
4393,Schouten,Schouten Jardy,C,M;C,6,6,6,6,Bologna,0,0,destro,Olanda,12/01/1997 00:00:00,https://content.fantacalcio.it/web/campioncini/card/SCHOUTEN.jpg,0,6.0,6.0
4397,Vavro,Vavro Denis,D,Dc,3,3,3,3,Lazio,0,0,destro,Slovacchia,10/04/1996 00:00:00,https://content.fantacalcio.it/web/campioncini/card/NO-CAMPIONCINO.jpg,0,0.0,0.0
4401,Gabbia,Gabbia Matteo,D,Dc,1,2,1,2,Milan,0,0,destro,Italia,21/10/1999 00:00:00,https://content.fantacalcio.it/web/campioncini/card/NO-CAMPIONCINO.jpg,0,6.5,6.0
4403,Chabot,Chabot Julian,D,Dc,3,3,2,2,Spezia,0,0,sinistro,Germania;Francia,12/02/1998 00:00:00,https://content.fantacalcio.it/web/campioncini/card/NO-CAMPIONCINO.jpg,0,0.0,0.0
4404,Thorsby,Thorsby Morten,C,M;C,8,8,9,9,Sampdoria,0,0,destro,Norvegia,05/05/1996 00:00:00,https://content.fantacalcio.it/web/campioncini/card/THORSBY.jpg,0,6.0,6.0
4406,Tripaldelli,Tripaldelli Alessandro,D,Ds;E,1,1,1,1,Cagliari,0,0,sinistro,Italia,09/02/1999 00:00:00,https://content.fantacalcio.it/web/campioncini/card/NO-CAMPIONCINO.jpg,0,0.0,0.0
4407,Igor,Igor,D,Ds;Dc,5,5,5,5,Fiorentina,0,0,sinistro,Brasile,07/02/1998 00:00:00,https://content.fantacalcio.it/web/campioncini/card/IGOR.jpg,0,0.0,0.0
4409,Rrahmani,Rrahmani Amir,D,Dd;Ds;Dc,7,7,7,7,Napoli,0,0,ambidestro,Kosovo;Albania,24/02/1994 00:00:00,https://content.fantacalcio.it/web/campioncini/card/RRAHMANI.jpg,0,0.0,0.0
4411,Agoume,Agoume Lucien,C,C,2,2,2,2,Spezia,0,0,destro,Francia;Camerun,09/02/2002 00:00:00,https://content.fantacalcio.it/web/campioncini/card/NO-CAMPIONCINO.jpg,0,0.0,0.0
4412,Rodrigo Becao,Becao Rodrigo,D,Dc,6,6,6,6,Udinese,0,0,destro,Brasile,19/01/1996 00:00:00,https://content.fantacalcio.it/web/campioncini/card/BECAO.jpg,0,5.5,5.5
4414,Denswil,Denswil Stefano,D,Ds;Dc,4,4,4,4,Bologna,0,0,sinistro,Olanda;Suriname,07/05/1993 00:00:00,https://content.fantacalcio.it/web/campioncini/card/DENSWIL.jpg,0,0.0,0.0
4415,Skov Olsen,Skov Olsen Andreas,A,W;A,6,6,7,7,Bologna,0,0,sinistro,Danimarca,29/12/1999 00:00:00,https://content.fantacalcio.it/web/campioncini/card/NO-CAMPIONCINO.jpg,0,6.0,6.0
4419,Pau Lopez,Lopez Pau,P,Por,13,13,13,13,Roma,0,0,sinistro,Spagna,13/12/1994 00:00:00,https://content.fantacalcio.it/web/campioncini/card/PAU-LOPEZ.jpg,0,0.0,0.0
4420,Bocchetti,Bocchetti Salvatore,D,Ds;Dc,2,2,2,2,Verona,0,0,sinistro,Italia,30/11/1986 00:00:00,https://content.fantacalcio.it/web/campioncini/card/BOCCHETTI.jpg,0,0.0,0.0
4421,Augello,Augello Tommaso,D,Ds;E,7,7,7,7,Sampdoria,0,0,sinistro,Italia,30/08/1994 00:00:00,https://content.fantacalcio.it/web/campioncini/card/NO-CAMPIONCINO.jpg,0,5.5,5.25
4422,Tomiyasu,Tomiyasu Takehiro,D,Dd;Dc,8,8,9,9,Bologna,0,0,ambidestro,Giappone,05/11/1998 00:00:00,https://content.fantacalcio.it/web/campioncini/card/TOMIYASU.jpg,0,6.0,5.5
4423,Hernani,Hernani,C,M;C,6,6,6,6,Parma,0,0,ambidestro,Brasile,27/03/1994 00:00:00,https://content.fantacalcio.it/web/campioncini/card/HERNANI.jpg,0,6.0,6.0
4424,Jony,Jony,C,E;C,5,5,5,5,Lazio,0,0,sinistro,Spagna,09/07/1991 00:00:00,https://content.fantacalcio.it/web/campioncini/card/JONY.jpg,1,0.0,0.0
4426,Toljan,Toljan Jeremy,D,Dd;Ds;E,7,8,8,8,Sassuolo,0,0,destro,Germania;Stati Uniti,08/08/1994 00:00:00,https://content.fantacalcio.it/web/campioncini/card/TOLJAN.jpg,0,6.25,6.25
4427,Malinovskyi,Malinovskyi Ruslan,C,T,17,17,15,15,Atalanta,0,0,sinistro,Ucraina,04/05/1993 00:00:00,https://content.fantacalcio.it/web/campioncini/card/MALINOVSKYI.jpg,0,6.0,6.0
4428,De Ligt,De Ligt Matthijs,D,Dc,15,15,15,15,Juventus,0,0,destro,Olanda,12/08/1999 00:00:00,https://content.fantacalcio.it/web/campioncini/card/DE-LIGT.jpg,0,0.0,0.0
4431,Carnesecchi,Carnesecchi Marco,P,Por,1,1,1,1,Atalanta,0,0,destro,Italia,01/07/2000 00:00:00,https://content.fantacalcio.it/web/campioncini/card/NO-CAMPIONCINO.jpg,0,0.0,0.0
4435,Colley E.,Colley Ebrima,A,A,8,8,8,8,Verona,0,0,destro,Gambia,01/02/2000 00:00:00,https://content.fantacalcio.it/web/campioncini/card/NO-CAMPIONCINO.jpg,0,6.0,6.0
4449,Tonali,Tonali Sandro,C,C,9,9,8,8,Milan,0,0,destro,Italia,08/05/2000 00:00:00,https://content.fantacalcio.it/web/campioncini/card/TONALI.jpg,0,6.0,6.0
4454,Pinna,Pinna Simone,D,Dd;E,1,1,1,1,Cagliari,0,0,destro,Italia,17/10/1997 00:00:00,https://content.fantacalcio.it/web/campioncini/card/NO-CAMPIONCINO.jpg,0,0.0,0.0
4461,Zappa,Zappa Gabriele,D,Dd;E,3,4,3,4,Cagliari,0,0,destro,Italia,22/12/1999 00:00:00,https://content.fantacalcio.it/web/campioncini/card/NO-CAMPIONCINO.jpg,0,6.5,6.5
4463,Esposito,Esposito Sebastiano,A,Pc,3,3,3,3,Inter,0,0,destro,Italia,02/07/2002 00:00:00,https://content.fantacalcio.it/web/campioncini/card/NO-CAMPIONCINO.jpg,1,0.0,0.0
4479,Elmas,Elmas Eljif,C,C;T,9,9,9,9,Napoli,0,0,destro,Macedonia del Nord,24/09/1999 00:00:00,https://content.fantacalcio.it/web/campioncini/card/ELMAS.jpg,0,7.0,10.0
4489,Rauti,Rauti Nicola,A,Pc,1,1,1,1,Torino,0,0,destro,Italia,17/04/2000 00:00:00,https://content.fantacalcio.it/web/campioncini/card/NO-CAMPIONCINO.jpg,1,0.0,0.0
4491,Berardi A.,Berardi Alessandro,P,Por,1,1,1,1,Verona,0,0,destro,Italia,16/01/1991 00:00:00,https://content.fantacalcio.it/web/campioncini/card/NO-CAMPIONCINO.jpg,0,0.0,0.0
4493,Dawidowicz,Dawidowicz Pawel,D,Dc,4,4,4,4,Verona,0,0,ambidestro,Polonia,20/05/1995 00:00:00,https://content.fantacalcio.it/web/campioncini/card/NO-CAMPIONCINO.jpg,0,0.0,0.0
4494,Empereur,Empereur Alan,D,Ds;Dc,4,4,4,4,Verona,0,0,sinistro,Brasile;Italia,10/03/1994 00:00:00,https://content.fantacalcio.it/web/campioncini/card/NO-CAMPIONCINO.jpg,0,5.5,5.5
4495,Kumbulla,Kumbulla Marash,D,Dc,10,10,10,10,Roma,0,0,destro,Albania;Italia,08/02/2000 00:00:00,https://content.fantacalcio.it/web/campioncini/card/KUMBULLA.jpg,0,6.0,5.5
4498,Henderson L.,Henderson Liam,C,C,2,2,2,2,Verona,0,0,destro,Scozia,25/04/1996 00:00:00,https://content.fantacalcio.it/web/campioncini/card/NO-CAMPIONCINO.jpg,1,0.0,0.0
4500,Di Carmine,Di Carmine Samuel,A,Pc,11,10,11,10,Verona,0,0,destro,Italia,29/09/1988 00:00:00,https://content.fantacalcio.it/web/campioncini/card/DI-CARMINE.jpg,0,5.25,5.0
4501,Obiang,Obiang Pedro,C,M;C,5,5,5,5,Sassuolo,0,0,destro,Guinea Equatoriale;Spagna,27/03/1992 00:00:00,https://content.fantacalcio.it/web/campioncini/card/OBIANG.jpg,0,6.0,6.0
4510,Rafael Leao,Leao Rafael,A,A,14,14,14,14,Milan,0,0,destro,Portogallo;Angola,10/06/1999 00:00:00,https://content.fantacalcio.it/web/campioncini/card/RAFAEL-LEAO.jpg,0,0.0,0.0
4511,Duarte,Duarte Leo,D,Dc,3,4,3,4,Milan,0,0,destro,Brasile,17/07/1996 00:00:00,https://content.fantacalcio.it/web/campioncini/card/NO-CAMPIONCINO.jpg,0,6.0,6.0
4512,Schone,Schone Lasse,C,C,8,8,7,7,Genoa,0,0,destro,Danimarca,27/05/1986 00:00:00,https://content.fantacalcio.it/web/campioncini/card/SCHONE.jpg,0,0.0,0.0
4514,Nandez,Nandez Nahitan,C,M;C,10,10,11,11,Cagliari,0,0,destro,Uruguay;Italia,28/12/1995 00:00:00,https://content.fantacalcio.it/web/campioncini/card/NANDEZ.jpg,0,6.0,5.75
4515,Agudelo,Agudelo Kevin,C,C;T,4,4,4,4,Spezia,0,0,sinistro,Colombia,14/11/1998 00:00:00,https://content.fantacalcio.it/web/campioncini/card/AGUDELO.jpg,0,5.5,5.5
4517,Lozano,Lozano Hirving,A,A,11,11,11,11,Napoli,0,0,destro,Messico,30/07/1995 00:00:00,https://content.fantacalcio.it/web/campioncini/card/LOZANO.jpg,0,7.0,10.0
4519,Cetin,Cetin Mert,D,Dc,5,5,5,5,Verona,0,0,destro,Turchia,01/01/1997 00:00:00,https://content.fantacalcio.it/web/campioncini/card/NO-CAMPIONCINO.jpg,0,6.25,6.25
4521,Muldur,Muldur Mert,D,Dd;Dc;E,6,6,6,6,Sassuolo,0,0,ambidestro,Turchia;Austria,03/04/1999 00:00:00,https://content.fantacalcio.it/web/campioncini/card/NO-CAMPIONCINO.jpg,0,5.75,5.75
4522,Amrabat,Amrabat Sofyan,C,M;C,10,10,11,11,Fiorentina,0,0,destro,Marocco;Olanda,21/08/1996 00:00:00,https://content.fantacalcio.it/web/campioncini/card/AMRABAT.jpg,0,5.5,5.5
4523,Avogadri,Avogadri Lorenzo,P,Por,1,1,1,1,Sampdoria,0,0,destro,Italia,21/08/2001 00:00:00,https://content.fantacalcio.it/web/campioncini/card/NO-CAMPIONCINO.jpg,0,0.0,0.0
4529,Ankersen,Ankersen Peter,D,Dd;Ds;E,3,3,3,3,Genoa,0,0,destro,Danimarca,22/09/1990 00:00:00,https://content.fantacalcio.it/web/campioncini/card/NO-CAMPIONCINO.jpg,1,0.0,0.0
4530,Kyriakopoulos,Kyriakopoulos Georgios,D,Ds;E,6,6,6,6,Sassuolo,0,0,sinistro,Grecia,05/02/1996 00:00:00,https://content.fantacalcio.it/web/campioncini/card/KYRIAKOPOULOS.jpg,0,6.25,6.25
4661,Osimhen,Osimhen Victor,A,Pc,24,24,24,24,Napoli,0,0,destro,Nigeria,29/12/1998 00:00:00,https://content.fantacalcio.it/web/campioncini/card/OSIMHEN.jpg,0,6.5,6.75
4725,Demme,Demme Diego,C,M,7,7,7,7,Napoli,0,0,destro,Germania;Italia,21/11/1991 00:00:00,https://content.fantacalcio.it/web/campioncini/card/DEMME.jpg,0,6.0,5.5
4825,Diaz B.,Diaz Brahim,C,W;T,13,13,14,14,Milan,0,0,ambidestro,Spagna;Marocco,03/08/1999 00:00:00,https://content.fantacalcio.it/web/campioncini/card/DIAZ-B.jpg,0,6.5,8.0
4862,Traore' Am.,Traorè Amad,A,A,1,1,1,1,Atalanta,0,0,sinistro,Costa d'Avorio,11/07/2002 00:00:00,https://content.fantacalcio.it/web/campioncini/card/NO-CAMPIONCINO.jpg,0,0.0,0.0
4867,Turati,Turati Stefano,P,Por,1,1,1,1,Sassuolo,0,0,destro,Italia,05/09/2001 00:00:00,https://content.fantacalcio.it/web/campioncini/card/NO-CAMPIONCINO.jpg,0,0.0,0.0
4869,Dominguez,Dominguez Nicolas,C,C,7,7,7,7,Bologna,0,0,destro,Argentina,28/06/1998 00:00:00,https://content.fantacalcio.it/web/campioncini/card/NO-CAMPIONCINO.jpg,0,5.0,4.5
4881,Czyborra,Czyborra Lennart,D,Ds;E,4,4,4,4,Genoa,0,0,sinistro,Germania,03/05/1999 00:00:00,https://content.fantacalcio.it/web/campioncini/card/CZYBORRA.jpg,0,6.0,6.0
4883,Breza,Breza Sebastian,P,Por,1,1,1,1,Bologna,0,0,destro,Canada;Norvegia,15/03/1998 00:00:00,https://content.fantacalcio.it/web/campioncini/card/NO-CAMPIONCINO.jpg,0,0.0,0.0
4884,Carles Perez,Carles Perez,A,W;A,9,9,9,9,Roma,0,0,sinistro,Spagna,16/02/1998 00:00:00,https://content.fantacalcio.it/web/campioncini/card/CARLES-PEREZ.jpg,0,0.0,0.0
4885,Villar,Villar Gonzalo,C,C,2,2,2,2,Roma,0,0,destro,Spagna,23/03/1998 00:00:00,https://content.fantacalcio.it/web/campioncini/card/NO-CAMPIONCINO.jpg,0,0.0,0.0
4886,Pereiro,Pereiro Gaston,C,W;T;A,10,10,11,11,Cagliari,0,0,destro,Uruguay,11/06/1995 00:00:00,https://content.fantacalcio.it/web/campioncini/card/NO-CAMPIONCINO.jpg,0,0.0,0.0
4887,Bellanova,Bellanova Raoul,D,Dd;E,1,1,1,1,Atalanta,0,0,destro,Italia,17/05/2000 00:00:00,https://content.fantacalcio.it/web/campioncini/card/NO-CAMPIONCINO.jpg,1,0.0,0.0
4888,Sutalo,Sutalo Bosko,D,Dc,3,3,3,3,Atalanta,0,0,destro,Croazia,01/01/2000 00:00:00,https://content.fantacalcio.it/web/campioncini/card/NO-CAMPIONCINO.jpg,0,5.0,5.0
4890,Tameze,Tameze Adrien,C,M;C,6,6,6,6,Verona,0,0,destro,Francia;Camerun,04/02/1994 00:00:00,https://content.fantacalcio.it/web/campioncini/card/NO-CAMPIONCINO.jpg,0,6.25,6.25
4892,Saelemaekers,Saelemaekers Alexis,C,W,6,6,5,5,Milan,0,0,destro,Belgio,27/06/1999 00:00:00,https://content.fantacalcio.it/web/campioncini/card/NO-CAMPIONCINO.jpg,0,6.25,6.25
4894,Haraslin,Haraslin Lukas,A,W;A,6,7,6,7,Sassuolo,0,0,destro,Slovacchia,26/05/1996 00:00:00,https://content.fantacalcio.it/web/campioncini/card/NO-CAMPIONCINO.jpg,0,6.5,6.5
4895,Yoshida,Yoshida Maya,D,Dc,7,7,7,7,Sampdoria,0,0,destro,Giappone,24/08/1988 00:00:00,https://content.fantacalcio.it/web/campioncini/card/YOSHIDA.jpg,0,6.0,6.0
4897,Pirola,Pirola Lorenzo,D,Dc,1,1,1,1,Inter,0,0,sinistro,Italia,20/02/2002 00:00:00,https://content.fantacalcio.it/web/campioncini/card/NO-CAMPIONCINO.jpg,0,0.0,0.0
4899,Singo,Singo Wilfried Stephane,D,Dd;Dc;E,2,2,3,3,Torino,0,0,destro,Costa d'Avorio,25/12/2000 00:00:00,https://content.fantacalcio.it/web/campioncini/card/NO-CAMPIONCINO.jpg,0,0.0,0.0
4917,Prodl,Prodl Sebastian,D,Dc,2,2,2,2,Udinese,0,0,destro,Austria,21/06/1987 00:00:00,https://content.fantacalcio.it/web/campioncini/card/NO-CAMPIONCINO.jpg,0,0.0,0.0
4919,Baldursson,Baldursson Andri Fannar,C,C;T,1,1,1,1,Bologna,0,0,destro,Islanda,10/01/2002 00:00:00,https://content.fantacalcio.it/web/campioncini/card/NO-CAMPIONCINO.jpg,0,0.0,0.0
4921,Askildsen,Askildsen Kristoffer,C,C,2,2,2,2,Sampdoria,0,0,destro,Norvegia,09/01/2001 00:00:00,https://content.fantacalcio.it/web/campioncini/card/NO-CAMPIONCINO.jpg,0,0.0,0.0
4923,Colombo,Colombo Lorenzo,A,Pc,1,1,1,1,Milan,0,0,sinistro,Italia,08/03/2002 00:00:00,https://content.fantacalcio.it/web/campioncini/card/NO-CAMPIONCINO.jpg,0,6.0,6.0
4925,Carboni,Carboni Andrea,D,Ds;Dc,1,1,1,1,Cagliari,0,0,sinistro,Italia,04/02/2001 00:00:00,https://content.fantacalcio.it/web/campioncini/card/NO-CAMPIONCINO.jpg,0,0.0,0.0
4929,Ciocci,Ciocci Giuseppe,P,Por,1,1,1,1,Cagliari,0,0,destro,Italia,24/01/2002 00:00:00,https://content.fantacalcio.it/web/campioncini/card/NO-CAMPIONCINO.jpg,0,0.0,0.0
4934,Lovato,Lovato Matteo,D,Dc,1,2,1,2,Verona,0,0,destro,Italia,14/02/2000 00:00:00,https://content.fantacalcio.it/web/campioncini/card/NO-CAMPIONCINO.jpg,0,6.25,6.25
4935,Ladinetti,Ladinetti Riccardo,C,M;C,1,1,1,1,Cagliari,0,0,destro,Italia,20/12/2000 00:00:00,https://content.fantacalcio.it/web/campioncini/card/NO-CAMPIONCINO.jpg,0,0.0,0.0
4940,Gagliano,Gagliano Luca,A,Pc,1,1,1,1,Cagliari,0,0,sinistro,Italia,14/07/2000 00:00:00,https://content.fantacalcio.it/web/campioncini/card/NO-CAMPIONCINO.jpg,1,0.0,0.0
4945,Calafiori,Calafiori Riccardo,D,Ds;E,1,1,1,1,Roma,0,0,sinistro,Italia,19/05/2002 00:00:00,https://content.fantacalcio.it/web/campioncini/card/NO-CAMPIONCINO.jpg,0,0.0,0.0
4946,Frabotta,Frabotta Gianluca,D,Ds;E,1,2,1,2,Juventus,0,0,sinistro,Italia,24/06/1999 00:00:00,https://content.fantacalcio.it/web/campioncini/card/NO-CAMPIONCINO.jpg,0,6.0,5.5
4955,Gori P.,Gori Pier Graziano,P,Por,1,1,1,1,Benevento,0,0,,Italia,10/05/1980 00:00:00,https://content.fantacalcio.it/web/campioncini/card/NO-CAMPIONCINO.jpg,0,0.0,0.0
4956,Manfredini,Manfredini Nicolò,P,Por,1,1,1,1,Benevento,0,0,,Italia,01/05/1988 00:00:00,https://content.fantacalcio.it/web/campioncini/card/NO-CAMPIONCINO.jpg,0,0.0,0.0
4957,Montipo',Montipò Lorenzo,P,Por,7,7,7,7,Benevento,0,0,,Italia,20/02/1996 00:00:00,https://content.fantacalcio.it/web/campioncini/card/NO-CAMPIONCINO.jpg,0,5.0,3.0
4958,Caldirola,Caldirola Luca,D,Ds;Dc,6,6,6,6,Benevento,0,0,,Italia,01/02/1991 00:00:00,https://content.fantacalcio.it/web/campioncini/card/CALDIROLA.jpg,0,8.0,14.0
4959,Foulon,Foulon Daam,D,Ds;E,1,1,1,1,Benevento,0,0,,Belgio,23/03/1999 00:00:00,https://content.fantacalcio.it/web/campioncini/card/NO-CAMPIONCINO.jpg,0,5.5,5.5
4960,Tuia,Tuia Alessandro,D,Dc,3,3,3,3,Benevento,0,0,,Italia,08/06/1990 00:00:00,https://content.fantacalcio.it/web/campioncini/card/NO-CAMPIONCINO.jpg,0,0.0,0.0
4961,Volta,Volta Massimo,D,Dc,1,1,1,1,Benevento,0,0,,Italia,14/05/1987 00:00:00,https://content.fantacalcio.it/web/campioncini/card/VOLTA.jpg,0,0.0,0.0
4962,Improta,Improta Riccardo,A,W;A,3,3,4,4,Benevento,0,0,,Italia,19/12/1993 00:00:00,https://content.fantacalcio.it/web/campioncini/card/NO-CAMPIONCINO.jpg,0,6.0,6.0
4963,Insigne R.,Insigne Roberto,A,W;A,6,6,6,6,Benevento,0,0,,Italia,11/05/1994 00:00:00,https://content.fantacalcio.it/web/campioncini/card/INSIGNE-R.jpg,0,5.5,5.5
4964,Vicario,Vicario Guglielmo,P,Por,1,1,1,1,Cagliari,0,0,,Italia,07/10/1996 00:00:00,https://content.fantacalcio.it/web/campioncini/card/NO-CAMPIONCINO.jpg,0,0.0,0.0
4965,Marin,Marin Razvan,C,C,7,7,7,7,Cagliari,0,0,,Romania,23/05/1996 00:00:00,https://content.fantacalcio.it/web/campioncini/card/NO-CAMPIONCINO.jpg,0,5.5,5.25
4966,Gigliotti,Gigliotti Guillaume,D,Ds;Dc,3,3,3,3,Crotone,0,0,,Francia;Argentina,09/11/1989 00:00:00,https://content.fantacalcio.it/web/campioncini/card/NO-CAMPIONCINO.jpg,0,0.0,0.0
4967,Golemic,Golemic Vladimir,D,Dc,5,5,5,5,Crotone,0,0,,Serbia;Polonia,28/06/1991 00:00:00,https://content.fantacalcio.it/web/campioncini/card/NO-CAMPIONCINO.jpg,0,5.75,5.75
4968,Gomelt,Gomelt Tomislav,C,C,1,1,1,1,Crotone,0,0,,Croazia,07/01/1995 00:00:00,https://content.fantacalcio.it/web/campioncini/card/NO-CAMPIONCINO.jpg,0,0.0,0.0
4969,Mustacchio,Mustacchio Mattia,C,E;W,1,1,1,1,Crotone,0,0,,Italia,17/05/1989 00:00:00,https://content.fantacalcio.it/web/campioncini/card/NO-CAMPIONCINO.jpg,0,0.0,0.0
4970,Messias,Messias Junior,A,A,8,8,8,8,Crotone,0,0,,Brasile,13/05/1991 00:00:00,https://content.fantacalcio.it/web/campioncini/card/NO-CAMPIONCINO.jpg,0,6.25,6.25
4972,Vagiannidis,Vagiannidis Georgios,D,Dd;E,1,1,1,1,Inter,0,0,destro,Grecia,12/09/2001 00:00:00,https://content.fantacalcio.it/web/campioncini/card/NO-CAMPIONCINO.jpg,0,0.0,0.0
4973,Mckennie,McKennie Weston,C,M;C,6,7,6,7,Juventus,0,0,destro,Stati Uniti,28/08/1998 00:00:00,https://content.fantacalcio.it/web/campioncini/card/NO-CAMPIONCINO.jpg,0,6.0,6.0
4975,Escalante,Escalante Gonzalo,C,M;C,5,5,5,5,Lazio,0,0,destro,Argentina;Italia,27/03/1993 00:00:00,https://content.fantacalcio.it/web/campioncini/card/NO-CAMPIONCINO.jpg,0,6.0,6.0
4976,Kalulu,Kalulu Pierre,D,Dd;Dc,1,1,1,1,Milan,0,0,destro,Francia;Repubblica Democratica del Congo,05/06/2000 00:00:00,https://content.fantacalcio.it/web/campioncini/card/NO-CAMPIONCINO.jpg,0,0.0,0.0
4977,Ravaglia,Ravaglia Nicola,P,Por,1,1,1,1,Sampdoria,0,0,,Italia,12/12/1988 00:00:00,https://content.fantacalcio.it/web/campioncini/card/NO-CAMPIONCINO.jpg,0,0.0,0.0
4978,Damsgaard,Damsgaard Mikkel,C,W;T;A,6,6,8,8,Sampdoria,0,0,destro,Danimarca,03/07/2000 00:00:00,https://content.fantacalcio.it/web/campioncini/card/NO-CAMPIONCINO.jpg,0,5.5,5.5
4979,Ayhan,Ayhan Kaan,D,Dc,7,7,7,7,Sassuolo,0,0,destro,Turchia;Germania,10/11/1994 00:00:00,https://content.fantacalcio.it/web/campioncini/card/NO-CAMPIONCINO.jpg,0,0.0,0.0
4980,Desjardins,Desjardins Axel,P,Por,1,1,1,1,Spezia,0,0,,Canada;Francia,13/01/2000 00:00:00,https://content.fantacalcio.it/web/campioncini/card/NO-CAMPIONCINO.jpg,0,0.0,0.0
4981,Krapikas,Krapikas Titas,P,Por,1,1,1,1,Spezia,0,0,,Lituania,03/01/1999 00:00:00,https://content.fantacalcio.it/web/campioncini/card/NO-CAMPIONCINO.jpg,0,0.0,0.0
4982,Erlic,Erlic Martin,D,Dc,6,6,6,6,Spezia,0,0,,Croazia,24/01/1998 00:00:00,https://content.fantacalcio.it/web/campioncini/card/NO-CAMPIONCINO.jpg,0,4.5,4.5
4983,Ferrer,Ferrer Salva,D,Dd;E,5,5,5,5,Spezia,0,0,,Spagna,21/01/1998 00:00:00,https://content.fantacalcio.it/web/campioncini/card/NO-CAMPIONCINO.jpg,0,0.0,0.0
4984,Ramos,Ramos Juan,D,Ds;E,3,3,3,3,Spezia,0,0,,Uruguay;Italia,01/09/1996 00:00:00,https://content.fantacalcio.it/web/campioncini/card/NO-CAMPIONCINO.jpg,0,5.0,5.0
4985,Vignali,Vignali Luca,D,Dd;E,3,3,3,3,Spezia,0,0,,Italia,11/01/1996 00:00:00,https://content.fantacalcio.it/web/campioncini/card/NO-CAMPIONCINO.jpg,0,0.0,0.0
4986,Acampora,Acampora Gennaro,C,M;C,1,1,1,1,Spezia,0,0,,Italia,29/03/1994 00:00:00,https://content.fantacalcio.it/web/campioncini/card/NO-CAMPIONCINO.jpg,0,0.0,0.0
4987,Bartolomei,Bartolomei Paolo,C,M;C,6,6,7,7,Spezia,0,0,,Italia,22/08/1989 00:00:00,https://content.fantacalcio.it/web/campioncini/card/BARTOLOMEI.jpg,0,6.0,6.0
4988,Maggiore,Maggiore Giulio,C,C,5,5,5,5,Spezia,0,0,,Italia,12/03/1998 00:00:00,https://content.fantacalcio.it/web/campioncini/card/NO-CAMPIONCINO.jpg,0,0.0,0.0
4989,Mastinu,Mastinu Giuseppe,C,C;W,3,3,3,3,Spezia,0,0,,Italia,09/10/1991 00:00:00,https://content.fantacalcio.it/web/campioncini/card/NO-CAMPIONCINO.jpg,0,0.0,0.0
4990,Ricci M.,Ricci Matteo,C,M;C,6,6,7,7,Spezia,0,0,ambidestro,Italia,27/05/1994 00:00:00,https://content.fantacalcio.it/web/campioncini/card/RICCI-M.jpg,0,6.5,7.5
4991,Gudjohnsen,Gudjohnsen Sveinn Aron,A,Pc,1,1,1,1,Spezia,0,0,,Islanda,12/05/1998 00:00:00,https://content.fantacalcio.it/web/campioncini/card/NO-CAMPIONCINO.jpg,1,0.0,0.0
4992,Gyasi,Gyasi Emmanuel,A,A,9,9,9,9,Spezia,0,0,,Ghana;Italia,11/01/1994 00:00:00,https://content.fantacalcio.it/web/campioncini/card/NO-CAMPIONCINO.jpg,0,5.5,5.5
4994,Vojvoda,Vojvoda Mergim,D,Dd;E,8,8,8,8,Torino,0,0,,Kosovo;Belgio,01/02/1995 00:00:00,https://content.fantacalcio.it/web/campioncini/card/NO-CAMPIONCINO.jpg,0,5.5,6.5
4995,Segre,Segre Jacopo,C,C,3,3,3,3,Torino,0,0,,Italia,17/02/1997 00:00:00,https://content.fantacalcio.it/web/campioncini/card/NO-CAMPIONCINO.jpg,0,6.0,6.0
4996,Pandur,Pandur Ivor,P,Por,1,1,1,1,Verona,0,0,,Croazia,25/03/2000 00:00:00,https://content.fantacalcio.it/web/campioncini/card/NO-CAMPIONCINO.jpg,0,0.0,0.0
4997,Ruegg,Ruegg Kevin,D,Dd;E,4,4,4,4,Verona,0,0,,Svizzera;Camerun,05/08/1998 00:00:00,https://content.fantacalcio.it/web/campioncini/card/NO-CAMPIONCINO.jpg,0,6.0,6.0
4998,Molina N.,Molina Nahuel,D,Dd;E,4,4,4,4,Udinese,0,0,destro,Argentina,02/12/1997 00:00:00,https://content.fantacalcio.it/web/campioncini/card/NO-CAMPIONCINO.jpg,0,0.0,0.0
4999,Ouwejan,Ouwejan Thomas,D,Ds;E,5,5,5,5,Udinese,0,0,sinistro,Olanda,30/09/1996 00:00:00,https://content.fantacalcio.it/web/campioncini/card/NO-CAMPIONCINO.jpg,0,6.0,6.0
5000,Magallan,Magallan Lisandro,D,Dc,5,5,5,5,Crotone,0,0,destro,Argentina;Italia,27/09/1993 00:00:00,https://content.fantacalcio.it/web/campioncini/card/NO-CAMPIONCINO.jpg,0,5.0,5.0
5001,Miranchuk,Miranchuk Aleksej,C,T;A,17,17,18,18,Atalanta,0,0,sinistro,Russia,17/10/1995 00:00:00,https://content.fantacalcio.it/web/campioncini/card/MIRANCHUK.jpg,0,0.0,0.0
5002,Vulic,Vulic Milos,C,C;T,6,6,6,6,Crotone,0,0,destro,Serbia,19/08/1996 00:00:00,https://content.fantacalcio.it/web/campioncini/card/NO-CAMPIONCINO.jpg,0,6.0,6.0
5003,Kargbo,Kargbo Augustus,A,A,1,2,1,2,Crotone,0,0,destro,Sierra Leone,24/12/1999 00:00:00,https://content.fantacalcio.it/web/campioncini/card/NO-CAMPIONCINO.jpg,0,5.5,5.5
5004,Forestieri,Forestieri Fernando,A,A,4,4,4,4,Udinese,0,0,destro,Italia;Argentina,16/01/1990 00:00:00,https://content.fantacalcio.it/web/campioncini/card/NO-CAMPIONCINO.jpg,0,5.5,5.5
5005,Zoet,Zoet Jeroen,P,Por,6,6,6,6,Spezia,0,0,destro,Olanda,06/01/1991 00:00:00,https://content.fantacalcio.it/web/campioncini/card/NO-CAMPIONCINO.jpg,0,5.5,1.0
5006,Piccini,Piccini Cristiano,D,Dd;E,7,7,7,7,Atalanta,0,0,destro,Italia,26/09/1992 00:00:00,https://content.fantacalcio.it/web/campioncini/card/NO-CAMPIONCINO.jpg,0,0.0,0.0
5007,Ilic,Ilic Ivan,C,C;T,4,4,4,4,Verona,0,0,destro,Serbia,17/03/2001 00:00:00,https://content.fantacalcio.it/web/campioncini/card/NO-CAMPIONCINO.jpg,0,6.0,6.0
5008,Eduardo Henrique,Eduardo Henrique,C,M;C,5,5,5,5,Crotone,0,0,destro,Brasile,17/05/1995 00:00:00,https://content.fantacalcio.it/web/campioncini/card/NO-CAMPIONCINO.jpg,0,5.5,5.5
5009,Riviere,Riviere Emmanuel,A,Pc,9,10,8,9,Crotone,0,0,destro,Martinica;Francia,03/03/1990 00:00:00,https://content.fantacalcio.it/web/campioncini/card/RIVIERE.jpg,0,6.5,9.5
5010,Ismajli,Ismajli Ardian,D,Dc,3,3,3,3,Spezia,0,0,destro,Albania;Kosovo,30/09/1996 00:00:00,https://content.fantacalcio.it/web/campioncini/card/NO-CAMPIONCINO.jpg,0,0.0,0.0
5011,Dragus,Dragus Denis,A,Pc,3,3,3,3,Crotone,0,0,destro,Romania,06/07/1999 00:00:00,https://content.fantacalcio.it/web/campioncini/card/NO-CAMPIONCINO.jpg,0,5.5,5.5
5012,Muriqi,Muriqi Vedat,A,Pc,12,12,12,12,Lazio,0,0,sinistro,Kosovo;Albania,24/04/1994 00:00:00,https://content.fantacalcio.it/web/campioncini/card/NO-CAMPIONCINO.jpg,0,0.0,0.0
5013,Asoro,Asoro Joel,A,A,6,6,6,6,Genoa,0,0,destro,Svezia;Ghana,27/04/1999 00:00:00,https://content.fantacalcio.it/web/campioncini/card/NO-CAMPIONCINO.jpg,0,0.0,0.0
5286,Akpa Akpro,Akpa Akpro Jean-Daniel,C,M;C,1,1,1,1,Lazio,0,0,destro,Costa d'Avorio;Francia,11/10/1992 00:00:00,https://content.fantacalcio.it/web/campioncini/card/NO-CAMPIONCINO.jpg,0,6.0,6.0
5287,Arslan,Arslan Tolgay,C,C;T,3,3,3,3,Udinese,0,0,ambidestro,Germania,16/08/1990 00:00:00,https://content.fantacalcio.it/web/campioncini/card/NO-CAMPIONCINO.jpg,0,6.5,6.5
5289,Crespi,Crespi Gian Marco,P,Por,1,1,1,1,Crotone,0,0,destro,Italia,28/06/2001 00:00:00,https://content.fantacalcio.it/web/campioncini/card/NO-CAMPIONCINO.jpg,0,0.0,0.0
5290,Estevez,Estevez Nahuel,C,C;T,3,3,3,3,Spezia,0,0,destro,Argentina,14/11/1995 00:00:00,https://content.fantacalcio.it/web/campioncini/card/NO-CAMPIONCINO.jpg,0,0.0,0.0
5292,Lammers,Lammers Sam,A,Pc,11,11,11,11,Atalanta,0,0,ambidestro,Olanda,30/04/1997 00:00:00,https://content.fantacalcio.it/web/campioncini/card/NO-CAMPIONCINO.jpg,0,0.0,0.0
5293,Mojica,Mojica Johan,D,E,5,5,5,5,Atalanta,0,0,sinistro,Colombia;Spagna,21/08/1992 00:00:00,https://content.fantacalcio.it/web/campioncini/card/NO-CAMPIONCINO.jpg,0,0.0,0.0
5297,Luvumbo,Luvumbo Zito,A,A,2,2,2,2,Cagliari,0,0,sinistro,Angola,09/03/2002 00:00:00,https://content.fantacalcio.it/web/campioncini/card/NO-CAMPIONCINO.jpg,0,0.0,0.0
5298,Pobega,Pobega Tommaso,C,C,1,1,1,1,Spezia,0,0,ambidestro,Italia,15/07/1999 00:00:00,https://content.fantacalcio.it/web/campioncini/card/NO-CAMPIONCINO.jpg,0,5.5,5.5
5300,Hickey,Hickey Aaron,D,Dd;Ds;E,2,2,2,2,Bologna,0,0,ambidestro,Scozia,10/06/2002 00:00:00,https://content.fantacalcio.it/web/campioncini/card/NO-CAMPIONCINO.jpg,0,0.0,0.0
5303,Males,Males Darian,A,A,1,1,1,1,Genoa,0,0,sinistro,Svizzera;Serbia,03/05/2001 00:00:00,https://content.fantacalcio.it/web/campioncini/card/NO-CAMPIONCINO.jpg,0,0.0,0.0
5304,Boer,Boer Pietro,P,Por,1,1,1,1,Roma,0,0,destro,Italia,12/05/2002 00:00:00,https://content.fantacalcio.it/web/campioncini/card/NO-CAMPIONCINO.jpg,0,0.0,0.0
5306,Alia,Alia Marco,P,Por,1,1,1,1,Lazio,0,0,destro,Albania;Italia,26/04/2000 00:00:00,https://content.fantacalcio.it/web/campioncini/card/NO-CAMPIONCINO.jpg,0,0.0,0.0
5307,Valenti,Valenti Lautaro,D,Dc,5,5,5,5,Parma,0,0,sinistro,Argentina,14/01/1999 00:00:00,https://content.fantacalcio.it/web/campioncini/card/NO-CAMPIONCINO.jpg,0,0.0,0.0
